config,p_qr,rep,Wq_s,n_passengers,Wq_beep_s,W_beep_s,Wq_sjt_s,W_sjt_s,Wq_qr_s,W_qr_s,dW_s,T_blk_gate_min,X_per_hr,n_All,Wq_bank_All_s,rho_All,Lq_max_All,T_clr_All_s,T_clr_censored_All,R_All,n_A,Wq_bank_A_s,rho_A,Lq_max_A,T_clr_A_s,T_clr_censored_A,R_A,n_B,Wq_bank_B_s,rho_B,Lq_max_B,T_clr_B_s,T_clr_censored_B,R_B
Undivided,0.03,0,0.015627181115698534,3875,0.016061172066567576,2.683809924893234,0.014957160851393298,3.7146994810042444,0.008815872322264278,5.439236732038428,0.007245299744303298,0.0,1107.142857142857,3875.0,0.015627181115698534,0.1290274252726309,5.0,27.181611733849703,0.0,0.0,,,,,,,,,,,,,,
Undivided,0.03,1,0.013338878342054541,3902,0.012532633464808611,2.677005478048383,0.016995128506022517,3.671640863607902,0.013493589352637612,5.534753651272701,0.004462495041213906,0.0,1114.857142857143,3902.0,0.013338878342054541,0.12926845716925808,5.0,22.388676889184467,0.0,0.0,,,,,,,,,,,,,,
Undivided,0.03,2,0.005812025032275702,3889,0.004554838729322876,2.668150056342162,0.01071344601454857,3.664342483747511,0.010409508143604926,5.498930866117254,0.006158607285225695,0.0,1111.142857142857,3889.0,0.005812025032275702,0.12900539121431132,3.0,23.070908653224645,0.0,0.0,,,,,,,,,,,,,,
Undivided,0.03,3,0.005477276947958226,3880,0.0049726958857284655,2.6811609835737977,0.007972125400654334,3.6958154670884342,0.004651370396724512,5.533254271639687,0.0033207550039298225,0.0,1108.5714285714287,3880.0,0.005477276947958226,0.12843729773166399,4.0,15.91938668200773,0.0,0.0,,,,,,,,,,,,,,
Undivided,0.03,4,0.018995900735078924,3890,0.01617980154225357,2.682980426579978,0.03162658079004338,3.7147875895609577,0.024532494470693802,5.513812798348401,0.01544677924778981,0.0,1111.4285714285713,3890.0,0.018995900735078924,0.1287531152237953,6.0,21.44157592776184,0.0,0.0,,,,,,,,,,,,,,
Undivided,0.03,5,0.011446486533940838,3880,0.010732983369280922,2.6827681556991965,0.015794056897705175,3.6701687074063805,0.005533744734012461,5.574592980422219,0.010260312163692713,0.0,1108.5714285714287,3880.0,0.011446486533940838,0.12850921962820244,4.0,20.85449946695595,0.0,0.0,,,,,,,,,,,,,,
Undivided,0.03,6,0.009083243918013746,3906,0.010106298659777906,2.672971412680525,0.005039910855789219,3.6518917790279772,0.006121150080633332,5.379328474121244,0.005066387803988687,0.0,1116.0,3906.0,0.009083243918013746,0.1291192871250077,3.0,19.855908076178277,0.0,0.0,,,,,,,,,,,,,,
Undivided,0.03,7,0.008921110839426868,3876,0.009824117484545562,2.682115732717424,0.0056863687772953095,3.648357339172289,0.0021102559523062435,5.406124053484559,0.007713861532239318,0.0,1107.4285714285713,3876.0,0.008921110839426868,0.12782980438965402,3.0,23.819162602794616,0.0,0.0,,,,,,,,,,,,,,
Undivided,0.03,8,0.008623852749661043,3867,0.009468359083198747,2.6793479031469802,0.005208324871232567,3.685000333224836,0.004822852292629662,5.400888041964985,0.004645506790569086,0.0,1104.857142857143,3867.0,0.008623852749661043,0.12778744772768544,3.0,24.24508612092218,0.0,0.0,,,,,,,,,,,,,,
Undivided,0.03,9,0.00628960801262254,3871,0.006696377179756728,2.673927116992099,0.004088339628671599,3.6600720423117408,0.007877831976328796,5.49117134356187,0.0037894923476571966,0.0,1106.0,3871.0,0.00628960801262254,0.1287519105420133,3.0,20.05330927538726,0.0,0.0,,,,,,,,,,,,,,
Undivided,0.03,10,0.009991059996490848,3878,0.010111664235768748,2.6692858516544162,0.008895641793088016,3.6815875304547685,0.012822682895235313,5.476720644778348,0.003927041102147297,0.0,1108.0,3878.0,0.009991059996490848,0.12794201337153807,4.0,24.51952210815597,0.0,0.0,,,,,,,,,,,,,,
Undivided,0.03,11,0.011043252996149892,3871,0.010978738100894527,2.671453582737917,0.01233972529791853,3.664935241767225,0.0060147964937613315,5.591244360261507,0.006324928804157198,0.0,1106.0,3871.0,0.011043252996149892,0.12839952836435456,4.0,21.524885336588053,0.0,0.0,,,,,,,,,,,,,,
Undivided,0.03,12,0.005593639077884357,3876,0.004594260915145157,2.6762297326558633,0.011461695534540049,3.700731458133629,0.0,5.39157217907629,0.011461695534540049,0.0,1107.7142857142858,3876.0,0.005593639077884357,0.12860106134837518,3.0,13.585132215534381,0.0,0.0,,,,,,,,,,,,,,
Undivided,0.03,13,0.006628195260954251,3883,0.00566817256292548,2.667452473060849,0.011975526747556859,3.672201822295901,0.0018086869268888128,5.4850668880343205,0.010166839820668046,0.0,1109.4285714285713,3883.0,0.006628195260954251,0.12838966000031216,4.0,19.90649940510324,0.0,0.0,,,,,,,,,,,,,,
Undivided,0.03,14,0.00651792217037256,3857,0.006227961713808733,2.6813238552634457,0.007654297885882401,3.661353878900283,0.007487585412368886,5.570311034667377,0.001426336172073668,0.0,1102.0,3857.0,0.00651792217037256,0.12841220345054938,4.0,17.3077285199614,0.0,0.0,,,,,,,,,,,,,,
Undivided,0.03,15,0.010679578168140148,3865,0.010713857629865398,2.6801253413632296,0.012396254862916418,3.678361559334546,0.0014383582070002267,5.522174989733796,0.010957896655916191,0.0,1104.2857142857142,3865.0,0.010679578168140148,0.12857611943080863,4.0,24.270908191949953,0.0,0.0,,,,,,,,,,,,,,
Undivided,0.03,16,0.007818689810300707,3875,0.007913057466829118,2.660367081093679,0.008327058753229147,3.6727966062466693,0.0021501998097170944,5.4941184013535596,0.0061768589435120536,0.0,1107.142857142857,3875.0,0.007818689810300707,0.1273172815088255,5.0,20.220191766039896,0.0,0.0,,,,,,,,,,,,,,
Undivided,0.03,17,0.011045050569742474,3881,0.010827522600053877,2.6819768673390287,0.01212408835081753,3.659622750498278,0.010661528201683635,5.471926987960341,0.0014625601491338944,0.0,1108.857142857143,3881.0,0.011045050569742474,0.12884274376310476,5.0,20.70275784715631,0.0,0.0,,,,,,,,,,,,,,
Undivided,0.03,18,0.0131842948285822,3869,0.013590868210648832,2.682948890813007,0.00905075867963709,3.685509394598688,0.026087856941141633,5.46103933629854,0.01703709826150454,0.0,1105.4285714285713,3869.0,0.0131842948285822,0.12776889095756586,4.0,25.490016196801477,0.0,0.0,,,,,,,,,,,,,,
Undivided,0.03,19,0.013433917914225081,3856,0.012880248406490042,2.6788511751953115,0.01391091295544942,3.671095632685366,0.024082019108528398,5.473191380941238,0.011201770702038356,0.0,1101.7142857142858,3856.0,0.013433917914225081,0.12841827005847897,6.0,23.175888452475874,0.0,0.0,,,,,,,,,,,,,,
Undivided,0.03,20,0.015300959818366816,3871,0.013467419742124852,2.6820103376017896,0.02089289032830454,3.7004306011020707,0.03168998780530473,5.414082455586935,0.018222568063179876,0.0,1106.0,3871.0,0.015300959818366816,0.1284004957396942,4.0,25.15052761268716,0.0,0.0,,,,,,,,,,,,,,
Undivided,0.03,21,0.01205237047524955,3865,0.01145788855291298,2.6788616822816453,0.012841504891973278,3.6608476188774626,0.021426366986671146,5.4356636211000104,0.009968478433758166,0.0,1104.2857142857142,3865.0,0.01205237047524955,0.12874141242913964,3.0,21.560586291882235,0.0,0.0,,,,,,,,,,,,,,
Undivided,0.03,22,0.009909400637074975,3877,0.009466741134826585,2.670910773174329,0.011886718009378948,3.6663840467721864,0.010832839763014733,5.465995193473375,0.0024199768745523636,0.0,1107.7142857142858,3877.0,0.009909400637074975,0.12798652164390392,3.0,22.975081972926827,0.0,0.0,,,,,,,,,,,,,,
Undivided,0.03,23,0.0099008771500708,3877,0.009454112211410851,2.6700725394963127,0.012040835649643287,3.6490211528220713,0.01056048406900149,5.671213156969393,0.0025867234382324356,0.0,1107.4285714285713,3877.0,0.0099008771500708,0.12775964747212726,3.0,20.747273463999136,0.0,0.0,,,,,,,,,,,,,,
Undivided,0.03,24,0.012173282632024723,3865,0.010967128521923717,2.6785609138777735,0.016281220681860366,3.710264469781576,0.020739420962537627,5.489636316682004,0.00977229244061391,0.0,1104.2857142857142,3865.0,0.012173282632024723,0.1281824112925907,5.0,23.28386359122711,0.0,0.0,,,,,,,,,,,,,,
Undivided,0.03,25,0.010736830795417004,3888,0.010622286645411805,2.6677105322937,0.009199399671053318,3.6515634783309667,0.0227657533424886,5.478579928162873,0.013566353671435282,0.0,1110.857142857143,3888.0,0.010736830795417004,0.1283723701339384,5.0,26.09916549003075,0.0,0.0,,,,,,,,,,,,,,
Undivided,0.03,26,0.009190748879942576,3895,0.009969700726294432,2.6782554621535777,0.005837744167120202,3.6563544609793412,0.007500586690247203,5.528472821764465,0.00413195655917423,0.0,1112.857142857143,3895.0,0.009190748879942576,0.12937662670679784,5.0,20.37696664409831,0.0,0.0,,,,,,,,,,,,,,
Undivided,0.03,27,0.006439060612399553,3893,0.0064796850753941725,2.667394937373527,0.005387464839533661,3.6850233893541344,0.011543809296919156,5.475761772945653,0.006156344457385495,0.0,1112.0,3893.0,0.006439060612399553,0.12891487064882187,3.0,15.713787227862431,0.0,0.0,,,,,,,,,,,,,,
Undivided,0.03,28,0.009841876179048123,3882,0.009251087057093219,2.6808217171725244,0.011455928222116576,3.6625184777226747,0.01605979805310743,5.529369683663087,0.006808710996014209,0.0,1109.142857142857,3882.0,0.009841876179048123,0.1288735695614225,4.0,23.742752644897305,0.0,0.0,,,,,,,,,,,,,,
Undivided,0.03,29,0.006851257862325713,3870,0.007094317167939696,2.6799092014725483,0.005207861852563802,3.741147026090903,0.009559711504469501,5.581404209329465,0.004351849651905699,0.0,1105.7142857142858,3870.0,0.006851257862325713,0.12873242720555975,4.0,20.258893621501006,0.0,0.0,,,,,,,,,,,,,,
6/1,0.03,0,0.06258106368592752,3875,0.029822745159264717,2.6975714979859307,0.032963140428665653,3.732705460581518,0.97584732545337,6.406268185169534,0.9460245802941053,7.444872921169235,1107.142857142857,,,,,,,,3743.0,0.03037397136604976,0.14105030893602533,6.0,35.54928116598491,0.0,0.0,132.0,0.97584732545337,0.05689012329226454,3.0,17.924000786933657,0.0,0.0
6/1,0.03,1,0.03719086176774342,3902,0.02876809663241457,2.6932409412159894,0.030133041896994978,3.6847787769988747,0.3040910860991258,5.825351148019188,0.2753229894667112,2.8376596327731476,1114.857142857143,,,,,,,,3786.0,0.029013253203971537,0.14234142533261687,6.0,35.07473088557896,0.0,0.0,116.0,0.3040910860991258,0.050830648189105286,1.0,9.364666212085249,0.0,0.0
6/1,0.03,2,0.02885102727963342,3889,0.015156547674727613,2.6787517652875668,0.026446246938973118,3.6800752846719345,0.3831081160686689,5.871629474042318,0.3679515683939413,3.357169115174414,1111.142857142857,,,,,,,,3765.0,0.017183595935718308,0.14150395313113126,4.0,31.91181074036035,0.0,0.0,124.0,0.3831081160686689,0.05401401971339169,1.0,12.203413649015575,0.0,0.0
6/1,0.03,3,0.02427181601879847,3880,0.01809152160922874,2.6942798092972975,0.024043970503236017,3.711887312191016,0.22676932048843432,5.755372221731396,0.20867779887920557,1.90838482584403,1108.5714285714287,,,,,,,,3784.0,0.019134458611534982,0.14282306589171218,5.0,33.55618678413396,0.0,0.0,96.0,0.22676932048843432,0.04212268877137495,2.0,5.349093727043107,0.0,0.0
6/1,0.03,4,0.0427947312165316,3890,0.030582741748429978,2.6973833667861546,0.0384954692722534,3.7216564780431676,0.3991488662962697,5.8884291701739775,0.36856612454783977,3.0664213718874334,1111.4285714285713,,,,,,,,3775.0,0.031938909882976665,0.14186187206075132,6.0,34.71670117328012,0.0,0.0,115.0,0.3991488662962697,0.050100574202058976,2.0,10.356414725115533,0.0,0.0
6/1,0.03,5,0.045227188892881104,3880,0.02617002744800074,2.6982051997779166,0.03355331876377725,3.6879279692724527,0.65406833779094,6.223127573479147,0.6278983103429392,5.009776858642969,1108.5714285714287,,,,,,,,3770.0,0.027462593036439067,0.14182429438203378,5.0,33.525776831081245,0.0,0.0,110.0,0.65406833779094,0.04861877110521441,3.0,11.348701422732233,0.0,0.0
6/1,0.03,6,0.025916806675558828,3906,0.02181189766706719,2.684677011687815,0.01426221688134164,3.66111408505353,0.21760272500223604,5.5908100490428465,0.2033405081208944,1.7775647188286408,1116.0,,,,,,,,3797.0,0.02041410319976009,0.14289208367864084,4.0,31.196453235369614,0.0,0.0,109.0,0.21760272500223604,0.046482507803208686,1.0,5.913167522926931,0.0,0.0
6/1,0.03,7,0.04551486066103159,3876,0.02681474052752967,2.6991063557604074,0.019663932187309364,3.662334902582303,0.7685839008667323,6.1725976983989845,0.748919968679423,5.515420554551323,1107.4285714285713,,,,,,,,3772.0,0.02557870472747038,0.14170067873312342,4.0,34.856075465448505,0.0,0.0,104.0,0.7685839008667323,0.04460455832883783,2.0,14.293408831349526,0.0,0.0
6/1,0.03,8,0.028978466795831367,3867,0.023775008343944085,2.6936545524077253,0.014060563712855764,3.6938525720664592,0.2732644167240066,5.669329606396364,0.25920385301115084,2.4645126108945457,1104.857142857143,,,,,,,,3761.0,0.02209351314191311,0.14151944417297072,4.0,40.58818135250718,0.0,0.0,106.0,0.2732644167240066,0.045395469055973706,1.0,6.403441354247976,0.0,0.0
6/1,0.03,9,0.03424708436051162,3871,0.01831997247052356,2.6855507122828657,0.012378367104663498,3.668362069787733,0.5115461084786052,5.9948396200641465,0.49916774137394165,4.171179037175572,1106.0,,,,,,,,3738.0,0.017264534813238627,0.14056402741752244,4.0,35.02494993837932,0.0,0.0,133.0,0.5115461084786052,0.05787920928895833,2.0,14.816820767982668,0.0,0.0
6/1,0.03,10,0.05270035288456378,3878,0.024564058895165605,2.683738246313813,0.02804745747852211,3.7007393461402027,0.9539526641034666,6.4178506259865795,0.929388605208301,6.3863222313562495,1108.0,,,,,,,,3763.0,0.025157430803730983,0.14095419727186637,4.0,36.56585715715983,0.0,0.0,115.0,0.9539526641034666,0.04986890996956827,2.0,14.157194690668742,0.0,0.0
6/1,0.03,11,0.0424641222358945,3871,0.02726851814669114,2.687743362783713,0.025473634003928797,3.6780691504732355,0.49235408139221654,6.0775836451599625,0.4668804473882877,4.4942219054273815,1106.0,,,,,,,,3742.0,0.02695482113189516,0.14026909772500046,4.0,36.302870746478916,0.0,0.0,129.0,0.49235408139221654,0.057182112200479175,2.0,7.673377296295791,0.0,0.0
6/1,0.03,12,0.030705409465328733,3876,0.014149785158689534,2.685785256899407,0.03035663264922274,3.7196263952483117,0.4580851833499261,5.849657362426216,0.44393539819123656,4.102776233149999,1107.7142857142858,,,,,,,,3755.0,0.016933651105798433,0.14140520340288962,3.0,28.84975246625866,0.0,0.0,121.0,0.4580851833499261,0.05177620902128849,2.0,9.924928760812865,0.0,0.0
6/1,0.03,13,0.03527715255320878,3883,0.0178638733389389,2.679648173836863,0.03325348748838435,3.6934797830367287,0.5129314476671896,5.996189648774621,0.49506757432825066,3.8261433631549,1109.4285714285713,,,,,,,,3767.0,0.020568392735523154,0.14137447170236878,5.0,32.706534390939936,0.0,0.0,116.0,0.5129314476671896,0.050480789787972505,2.0,11.534006031351833,0.0,0.0
6/1,0.03,14,0.04021254212233324,3857,0.022094519476782534,2.6971904130264193,0.025982066223534894,3.679681647237936,0.5871497220216918,6.1499731712767,0.5650552025449093,5.401061033095205,1102.0,,,,,,,,3738.0,0.022800684335275004,0.14105794118885068,5.0,32.40837906129926,0.0,0.0,119.0,0.5871497220216918,0.05253777702074179,2.0,15.073732704724172,0.0,0.0
6/1,0.03,15,0.04119634483730198,3865,0.026129261389401998,2.6955407451227664,0.02299118338148572,3.6889564878531154,0.4827269140656981,6.003463545592494,0.4597357306842124,4.598555540490766,1104.2857142857142,,,,,,,,3733.0,0.025583691438387356,0.1403660912491505,4.0,38.892592888419856,0.0,0.0,132.0,0.4827269140656981,0.0578362885207574,2.0,17.65092447540666,0.0,0.0
6/1,0.03,16,0.03241669892541071,3875,0.023151771621291752,2.6756057952481416,0.022904427458105205,3.6873739749515453,0.35396286797836723,5.8459310695222095,0.331058440520262,3.0526290214152443,1107.142857142857,,,,,,,,3766.0,0.023110131632056417,0.14061851448558382,6.0,29.225012157595295,0.0,0.0,109.0,0.35396286797836723,0.04750988364827555,1.0,13.781499314403609,0.0,0.0
6/1,0.03,17,0.03947183458574526,3881,0.022829401504170774,2.693978746243145,0.0341966094375685,3.6816952715850286,0.48256613616557653,5.943831595924234,0.45973673466140574,4.247032751803563,1108.857142857143,,,,,,,,3757.0,0.024847481805362226,0.141358903212907,5.0,34.29062317236489,0.0,0.0,124.0,0.48256613616557653,0.05374578706429135,2.0,13.150625867939793,0.0,0.0
6/1,0.03,18,0.037598160313507864,3869,0.02879996290844047,2.698157985510799,0.017781992667859698,3.69424062858691,0.4129377636973939,5.847889243054792,0.3951557710295342,3.202490398697288,1105.4285714285713,,,,,,,,3762.0,0.02692263198759723,0.14137138061066223,4.0,38.08843737151414,0.0,0.0,107.0,0.4129377636973939,0.046153953038987554,2.0,9.135371507033684,0.0,0.0
6/1,0.03,19,0.04195029719811051,3856,0.027917772602815225,2.6938886993916364,0.022656123909096392,3.679840843639013,0.48667247278098374,5.935781834613693,0.46401634887188736,4.120920617683585,1101.7142857142858,,,,,,,,3730.0,0.02692751056984187,0.1407394661318377,7.0,36.01347541084608,0.0,0.0,126.0,0.48667247278098374,0.05449109361832688,2.0,13.235017458142579,0.0,0.0
6/1,0.03,20,0.04672917648300552,3871,0.02784314198543769,2.6963860598451026,0.03356652208855156,3.713104232862318,0.5917841903809548,5.974176658162585,0.5639410483955171,4.546594948652682,1106.0,,,,,,,,3748.0,0.028841832110153932,0.1410435112526969,5.0,33.41869801471249,0.0,0.0,123.0,0.5917841903809548,0.05254240266167791,2.0,17.404759701879208,0.0,0.0
6/1,0.03,21,0.043071736932121456,3865,0.0300849564518821,2.6974887501806144,0.03007756274634629,3.678083676731836,0.40192935219657655,5.816166606309916,0.3718517894502303,4.366447740159125,1104.2857142857142,,,,,,,,3730.0,0.03008359267992268,0.1405300336897462,4.0,32.397268082360625,0.0,0.0,135.0,0.40192935219657655,0.05800968486550012,1.0,13.088059390084945,0.0,0.0
6/1,0.03,22,0.03941941096842018,3877,0.021993740553008068,2.68343777259251,0.022876581937322678,3.67737391070013,0.5849562618288298,6.040118615539188,0.5629625212758217,4.7027209679535344,1107.7142857142858,,,,,,,,3758.0,0.022144561247188478,0.14073077895371422,4.0,32.14121867656869,0.0,0.0,119.0,0.5849562618288298,0.05152097778504223,2.0,16.292688995067753,0.0,0.0
6/1,0.03,23,0.03641268934774988,3877,0.026970500276178137,2.68758892756108,0.027849426476930075,3.664829743649358,0.33785354153494923,5.9985062144353405,0.3108830412587711,3.7166658921734705,1107.4285714285713,,,,,,,,3761.0,0.0271153910617315,0.14036726451038595,4.0,33.98156512669179,0.0,0.0,116.0,0.33785354153494923,0.05211394524257515,2.0,8.952241508332062,0.0,0.0
6/1,0.03,24,0.03387908298499177,3865,0.026274486420774987,2.6938682717766254,0.03644997790380594,3.730433227003521,0.24176851106826164,5.710665406787728,0.21549402464748665,2.549330584643129,1104.2857142857142,,,,,,,,3761.0,0.028130478751899484,0.14202279628110684,6.0,35.156407520720634,0.0,0.0,104.0,0.24176851106826164,0.04514010136149398,1.0,10.976843874949342,0.0,0.0
6/1,0.03,25,0.03140287668980905,3888,0.02538303271181658,2.682471278360105,0.02169397090647973,3.6640580495663935,0.2486817243380905,5.704495899158474,0.22698775343161076,2.6985540202710507,1110.857142857143,,,,,,,,3772.0,0.024720918490657235,0.1413964100732038,4.0,34.779370003909165,0.0,0.0,116.0,0.2486817243380905,0.05022813049834604,1.0,10.12873826377299,0.0,0.0
6/1,0.03,26,0.0439902747771073,3895,0.021134775586928004,2.6894205370142106,0.015485198784580788,3.6660019155968024,0.7289843307631731,6.24995656583739,0.7134991319785924,4.8067581149403695,1112.857142857143,,,,,,,,3764.0,0.020150152212236247,0.14137263376646622,5.0,31.54398052766265,0.0,0.0,131.0,0.7289843307631731,0.057400584348787656,3.0,13.622739854272867,0.0,0.0
6/1,0.03,27,0.033307539359025036,3893,0.019443138789402,2.6803583910875353,0.019233593193872998,3.698869517708474,0.49001864601819445,5.954236609666929,0.4707850528243214,3.5351939858674695,1112.0,,,,,,,,3778.0,0.019405533730172606,0.142088710653525,4.0,36.11119492828971,0.0,0.0,115.0,0.49001864601819445,0.04987183062060308,2.0,9.966259173246858,0.0,0.0
6/1,0.03,28,0.03564587776816009,3882,0.0212712874484826,2.692841917563914,0.026439469642648095,3.6775020191432057,0.4342884335836698,5.947598319193649,0.4130171461351872,3.95054159730682,1109.142857142857,,,,,,,,3755.0,0.022163160168008365,0.1410907206328703,4.0,35.832403086909395,0.0,0.0,127.0,0.4342884335836698,0.05557066313273587,2.0,10.978454393549283,0.0,0.0
6/1,0.03,29,0.03102864179710984,3870,0.024264961144613822,2.697079845449222,0.01949884402065013,3.75543800825899,0.285422011770651,5.857266509595647,0.2659231677500009,2.8415087850885317,1105.7142857142858,,,,,,,,3758.0,0.023446934123603557,0.14193324729859752,5.0,37.1855478510347,0.0,0.0,112.0,0.285422011770651,0.049527506647333026,1.0,9.639600688071308,0.0,0.0
5/2,0.03,0,0.09715721751941207,3875,0.099223743362488,2.766972496189154,0.0937703762123173,3.793512696365169,0.06570158105751034,5.496122440773675,0.03352216230497766,7.023264729199809,1107.142857142857,,,,,,,,3743.0,0.09826652663321679,0.16926037072323039,7.0,55.010755353488236,0.0,0.0,132.0,0.06570158105751034,0.0284450616461322,2.0,2.7669940510444784,0.0,0.0
5/2,0.03,1,0.08825302774007426,3902,0.08915184868053798,2.753624693264113,0.0992024591764983,3.753848194278378,0.0,5.521260061920063,0.0992024591764983,6.225171039242067,1114.857142857143,,,,,,,,3786.0,0.0909570296465319,0.17080971039914025,7.0,55.26066115351738,0.0,0.0,116.0,0.0,0.025415324094552643,0.0,0.0,0.0,0.0
5/2,0.03,2,0.06942728753359817,3889,0.07154648669798484,2.735141704310824,0.07247873344391732,3.7261077711768795,0.0,5.4885213579736485,0.07247873344391732,5.53303840841381,1111.142857142857,,,,,,,,3765.0,0.07171387017746701,0.1698047437573575,5.0,53.25571572354992,0.0,0.0,124.0,0.0,0.027007009856695845,0.0,0.0,0.0,0.0
5/2,0.03,3,0.07021040108219226,3880,0.06882836971984772,2.7450166574079167,0.08457454637886708,3.7724178880666472,0.01593843806325405,5.544541339306217,0.06863610831561302,5.86177772329717,1108.5714285714287,,,,,,,,3784.0,0.07158727963658393,0.17138767907005462,6.0,53.23586970215702,0.0,0.0,96.0,0.01593843806325405,0.021061344385687474,1.0,0.8035654748127854,0.0,0.0
5/2,0.03,4,0.09680228999281265,3890,0.09740794112976163,2.764208566167486,0.10845548162616776,3.791616490397083,0.01476670961753331,5.504047013495241,0.09368877200863446,6.202313502941032,1111.4285714285713,,,,,,,,3775.0,0.09930138714331785,0.17023424647290158,7.0,53.58556834925661,0.0,0.0,115.0,0.01476670961753331,0.025050287101029488,1.0,0.47274146522066146,0.0,0.0
5/2,0.03,5,0.08592835588509393,3880,0.08979600053966318,2.761831172869579,0.08106618132098316,3.735440831829659,0.005752540763300699,5.574811776451508,0.08404345977636248,6.300895680757821,1108.5714285714287,,,,,,,,3770.0,0.08826770327591547,0.17018915325844053,6.0,52.391423201136575,0.0,0.0,110.0,0.005752540763300699,0.024309385552607206,1.0,1.5593315326122696,0.0,0.0
5/2,0.03,6,0.07013468959483009,3906,0.07468877264040169,2.737553886661149,0.060965910395453064,3.7078177785676414,0.0,5.37320732404061,0.07468877264040169,5.30524605766528,1116.0,,,,,,,,3797.0,0.07214803728138171,0.171470500414369,5.0,53.28838636545126,0.0,0.0,109.0,0.0,0.023241253901604343,0.0,0.0,0.0,0.0
5/2,0.03,7,0.0899463638444137,3876,0.0934769859449488,2.7657686011778266,0.07687948283984723,3.719550453234841,0.0659469932800658,5.469960790812318,0.027529992664883,7.251879586239079,1107.4285714285713,,,,,,,,3772.0,0.09060806441140526,0.17004081447974811,5.0,53.01603696152768,0.0,0.0,104.0,0.0659469932800658,0.022302279164418914,1.0,3.460214658000443,0.0,0.0
5/2,0.03,8,0.06946890603873385,3867,0.07253103385253516,2.7424105779163166,0.06615168106052145,3.7459436894141254,0.0,5.396065189672356,0.07253103385253516,5.234877520726017,1104.857142857143,,,,,,,,3761.0,0.07142681724322887,0.16982333300756486,5.0,58.53886910467801,0.0,0.0,106.0,0.0,0.022697734527986853,0.0,0.0,0.0,0.0
5/2,0.03,9,0.06352224725490144,3871,0.06737628677163238,2.7346070265839746,0.05563521743175293,3.711618920114822,0.013820520398809108,5.49711403198435,0.05355576637282327,5.277025919405371,1106.0,,,,,,,,3738.0,0.06529066075727177,0.16867683290102695,5.0,59.054441313274154,0.0,0.0,133.0,0.013820520398809108,0.028939604644479165,1.0,0.156631562383539,0.0,0.0
5/2,0.03,10,0.08924145608780082,3878,0.09119643604984859,2.7503706234684957,0.09380873912660063,3.766500627788281,0.010710361571419406,5.474608323454532,0.08309837755518124,6.324391174570019,1108.0,,,,,,,,3763.0,0.0916414231006586,0.16914503672623965,6.0,51.74225218039149,0.0,0.0,115.0,0.010710361571419406,0.024934454984784134,1.0,0.4376377094437115,0.0,0.0
5/2,0.03,11,0.09452140045048425,3871,0.09728232774952679,2.757757172386549,0.09655580556833279,3.749151322037639,0.018116404741055542,5.603345968508801,0.07916592300847125,6.945328512345069,1106.0,,,,,,,,3742.0,0.09715535139824381,0.16832291727000057,5.0,52.568355541210956,0.0,0.0,129.0,0.018116404741055542,0.028591056100239588,1.0,1.6612951050440539,0.0,0.0
5/2,0.03,12,0.07024513626275383,3876,0.06779795336610081,2.739433425106818,0.08845429341312862,3.777724056012217,0.03607846226770547,5.4276506413439956,0.05237583114542315,6.056954110148459,1107.7142857142858,,,,,,,,3755.0,0.07134611297471145,0.16968624408346755,5.0,49.684294582603954,0.0,0.0,121.0,0.03607846226770547,0.025888104510644244,1.0,1.3990372053428228,0.0,0.0
5/2,0.03,13,0.08279974019513732,3883,0.08085958841352668,2.742643888911451,0.09797118967681473,3.758197485225159,0.0481503585143667,5.531408559621799,0.04982083116244803,6.266621736588775,1109.4285714285713,,,,,,,,3767.0,0.08386672407487435,0.16964936604284253,7.0,48.60669039568606,0.0,0.0,116.0,0.0481503585143667,0.025240394893986252,1.0,3.4974405346607593,0.0,0.0
5/2,0.03,14,0.08392152839359943,3857,0.08385827472803385,2.758954168277671,0.09728952312081877,3.7509891041352197,0.009271314470768767,5.572094763725777,0.08801820865005,6.545659521851432,1102.0,,,,,,,,3738.0,0.08629803333121763,0.1692695294266208,6.0,55.09219216783836,0.0,0.0,119.0,0.009271314470768767,0.026268888510370896,1.0,2.1203306413306984,0.0,0.0
5/2,0.03,15,0.08491110304711504,3865,0.08703607238912885,2.7564475561224926,0.08748474076445079,3.7534500452360806,0.022610373279528147,5.543347004806324,0.06487436748492265,6.380736773654841,1104.2857142857142,,,,,,,,3733.0,0.08711407554358476,0.1684393094989806,5.0,59.27750215040755,0.0,0.0,132.0,0.022610373279528147,0.0289181442603787,1.0,1.1228893814893057,0.0,0.0
5/2,0.03,16,0.07511114818392578,3875,0.07656640108243318,2.729020424709283,0.08083553789042856,3.745305085383869,0.0,5.491968201543842,0.08083553789042856,5.8407460012409125,1107.142857142857,,,,,,,,3766.0,0.07728510334910048,0.1687422173827006,7.0,52.95796706057927,0.0,0.0,109.0,0.0,0.023754941824137774,0.0,0.0,0.0,0.0
5/2,0.03,17,0.07828403670082051,3881,0.08013213093545905,2.7512814756744337,0.08131626006655941,3.72881492221402,0.015920293394522618,5.47718575315318,0.06539596667203679,5.770882618301941,1108.857142857143,,,,,,,,3757.0,0.08034235561750429,0.1696306838554884,6.0,53.67248301449635,0.0,0.0,124.0,0.015920293394522618,0.026872893532145677,1.0,0.4975317737158513,0.0,0.0
5/2,0.03,18,0.08816414560264768,3869,0.09157889461320559,2.760936917215564,0.08099187665828937,3.7574505125773405,0.03152856365295095,5.466480043010349,0.06005033096025464,6.082926992375868,1105.4285714285713,,,,,,,,3762.0,0.08977499282981875,0.16964565673279472,6.0,52.86307642532543,0.0,0.0,107.0,0.03152856365295095,0.023076976519493777,1.0,0.811491352406812,0.0,0.0
5/2,0.03,19,0.09168574578083899,3856,0.09607700237125667,2.7620479291600777,0.08337093487782768,3.7405556546077445,0.032481557670753176,5.4815909195034624,0.06359544470050349,6.168057684955969,1101.7142857142858,,,,,,,,3730.0,0.09368567277865958,0.1688873593582052,8.0,55.7621706124476,0.0,0.0,126.0,0.032481557670753176,0.02724554680916344,1.0,1.2480627825242523,0.0,0.0
5/2,0.03,20,0.09300816929174376,3871,0.09456547865608043,2.763108396515746,0.09261163492608994,3.7721493456998565,0.05594327743710892,5.438335745218739,0.038622201218971516,6.465736568643653,1106.0,,,,,,,,3748.0,0.0942245464790757,0.16925221350323627,6.0,54.457958384515095,0.0,0.0,123.0,0.05594327743710892,0.026271201330838954,1.0,2.6265446751778407,0.0,0.0
5/2,0.03,21,0.10261162671371851,3865,0.10451517635984599,2.7719189700885782,0.1143296086655095,3.762335722650999,0.0,5.414237254113339,0.1143296086655095,7.012351408942428,1104.2857142857142,,,,,,,,3730.0,0.10632545234544827,0.16863604042769545,8.0,57.12721987064655,0.0,0.0,135.0,0.0,0.02900484243275006,0.0,0.0,0.0,0.0
5/2,0.03,22,0.0737161103995236,3877,0.07379546094600854,2.7352394929855106,0.08699486559375445,3.741492194356562,0.0,5.455162353710359,0.08699486559375445,5.497268066293183,1107.7142857142858,,,,,,,,3758.0,0.07605038850956705,0.16887693474445706,5.0,52.848240724535955,0.0,0.0,119.0,0.0,0.025760488892521114,0.0,0.0,0.0,0.0
5/2,0.03,23,0.08692092035728546,3877,0.08850388821514475,2.749122315500047,0.09176800825941735,3.728748325431846,0.018151122591269806,5.678803795491661,0.07361688566814754,6.4836376560542135,1107.4285714285713,,,,,,,,3761.0,0.08904197766673981,0.16844071741246314,5.0,50.82850099356597,0.0,0.0,116.0,0.018151122591269806,0.026056972621287575,1.0,0.209190668249352,0.0,0.0
5/2,0.03,24,0.08622951006939318,3865,0.08947039783894314,2.757064183194793,0.08477490242486081,3.778758151524576,0.0,5.468896895719467,0.08947039783894314,6.093071445083156,1104.2857142857142,,,,,,,,3761.0,0.08861394746562208,0.1704273555373282,7.0,55.82076062301659,0.0,0.0,104.0,0.0,0.02257005068074699,0.0,0.0,0.0,0.0
5/2,0.03,25,0.08815771577100909,3888,0.09130523696473584,2.7483934826130243,0.08887369351820668,3.731237772178121,0.0,5.455814174820384,0.09130523696473584,6.826053499514001,1110.857142857143,,,,,,,,3772.0,0.09086882261868594,0.16967569208784455,5.0,58.713485415453775,0.0,0.0,116.0,0.0,0.02511406524917302,0.0,0.0,0.0,0.0
5/2,0.03,26,0.08289738331631888,3895,0.08183569582310064,2.750121457250384,0.08478511377776746,3.7353018305899885,0.09863305924160116,5.619605294315819,0.01679736341850052,6.7549684851454765,1112.857142857143,,,,,,,,3764.0,0.08234972828278753,0.16964716051975945,6.0,53.2305567205688,0.0,0.0,131.0,0.09863305924160116,0.028700292174393828,2.0,3.428537694980465,0.0,0.0
5/2,0.03,27,0.07882829057314986,3893,0.07986796600048629,2.740783218298619,0.08616996423077267,3.765805888745374,0.0075183030547913915,5.471736266703525,0.07865166117598127,6.481813922749821,1112.0,,,,,,,,3778.0,0.08099892280306283,0.17050645278423,5.0,51.28811305295847,0.0,0.0,115.0,0.0075183030547913915,0.02493591531030154,1.0,0.7991020713735592,0.0,0.0
5/2,0.03,28,0.08344991041659679,3882,0.08240517053204735,2.7539758006474786,0.10449730814777929,3.7555598576483376,0.0016175725543037937,5.5149274581642835,0.10287973559347549,6.386758748142396,1109.142857142857,,,,,,,,3755.0,0.08621760866120695,0.16930886475944434,5.0,51.656501683669255,0.0,0.0,127.0,0.0016175725543037937,0.027785331566367935,1.0,1.2169283560439663,0.0,0.0
5/2,0.03,29,0.08327808161179341,3870,0.08850885498956947,2.7613237392941774,0.07249319419397016,3.8084323584323103,0.0,5.571844497824996,0.08850885498956947,6.426076307748925,1105.7142857142858,,,,,,,,3758.0,0.08576002550229922,0.17031989675831705,6.0,58.04596866441185,0.0,0.0,112.0,0.0,0.024763753323666513,0.0,0.0,0.0,0.0
4/3,0.03,0,0.3350313891647758,3875,0.34604228082963795,3.013791033656304,0.34967532086887415,4.0494176410217255,0.004723246684796212,5.43514410640096,0.3449520741840779,29.257438360438016,1107.142857142857,,,,,,,,3743.0,0.3466799798159533,0.211575463404038,8.0,70.0901980366471,0.0,0.0,132.0,0.004723246684796212,0.018963374430754798,1.0,1.2156118344030171,0.0,0.0
4/3,0.03,1,0.31828769194417733,3902,0.32311057196741566,2.987583416550991,0.35055461387556897,4.005200348977449,0.0,5.521260061920063,0.35055461387556897,30.024541205349376,1114.857142857143,,,,,,,,3786.0,0.32803977125361333,0.2135121379989253,10.0,67.20835189762482,0.0,0.0,116.0,0.0,0.01694354939636843,0.0,0.0,0.0,0.0
4/3,0.03,2,0.2802927388724927,3889,0.29466824951326775,2.9582634671261068,0.26601810462816555,3.919647142361127,0.0,5.4885213579736485,0.29466824951326775,28.36570764190185,1111.142857142857,,,,,,,,3765.0,0.289524159754349,0.21225592969669685,7.0,68.65837608634712,0.0,0.0,124.0,0.0,0.01800467323779723,0.0,0.0,0.0,0.0
4/3,0.03,3,0.296263354925844,3880,0.2952779498221764,2.971466237510245,0.34379990304262764,4.031643244730407,0.0,5.528602901242962,0.34379990304262764,29.433296391005463,1108.5714285714287,,,,,,,,3784.0,0.3037795499768168,0.2142345988375683,7.0,74.27688621316987,0.0,0.0,96.0,0.0,0.014040896257124983,0.0,0.0,0.0,0.0
4/3,0.03,4,0.3092158022406874,3890,0.31664871831391944,2.983449343351644,0.32824154533281924,4.011402554103734,0.0,5.489280303877708,0.32824154533281924,27.453456280503158,1111.4285714285713,,,,,,,,3775.0,0.31863562138179446,0.212792808091127,10.0,70.1613780746321,0.0,0.0,115.0,0.0,0.016700191400686324,0.0,0.0,0.0,0.0
4/3,0.03,5,0.3117047657957069,3880,0.3284787817753156,3.0005139541052315,0.28461436358501707,3.938989014093693,0.0,5.569059235688207,0.3284787817753156,30.14663652689483,1108.5714285714287,,,,,,,,3770.0,0.3207995998109663,0.21273644157305066,8.0,72.02867538413459,0.0,0.0,110.0,0.0,0.01620625703507147,0.0,0.0,0.0,0.0
4/3,0.03,6,0.26733876823289243,3906,0.28162893840497816,2.9444940524257253,0.24589657651874144,3.892748444690929,0.0,5.37320732404061,0.28162893840497816,26.13039879974287,1116.0,,,,,,,,3797.0,0.27501322852717347,0.21433812551796128,9.0,70.33345334642951,0.0,0.0,109.0,0.0,0.01549416926773623,0.0,0.0,0.0,0.0
4/3,0.03,7,0.3858746203156546,3876,0.4031236080096873,3.075415223242565,0.36488400514302616,4.00755497553802,0.0,5.404013797532253,0.4031236080096873,31.12524971784308,1107.4285714285713,,,,,,,,3772.0,0.39651379330420927,0.2125510180996851,11.0,70.09945678361902,0.0,0.0,104.0,0.0,0.01486818610961261,0.0,0.0,0.0,0.0
4/3,0.03,8,0.26954532092125244,3867,0.2846207782972646,2.954500322361046,0.24141495468201266,3.921206963035616,0.0,5.396065189672356,0.2846207782972646,28.636196603767655,1104.857142857143,,,,,,,,3761.0,0.27714218452605244,0.21227916625945606,7.0,72.85282542684762,0.0,0.0,106.0,0.0,0.015131823018657902,0.0,0.0,0.0,0.0
4/3,0.03,9,0.2537276809778188,3871,0.2694685195228671,2.9366992593352093,0.23167714465639025,3.88766084733946,0.0,5.483293511585541,0.2694685195228671,27.91318381179049,1106.0,,,,,,,,3738.0,0.26275544490774116,0.21084604112628366,7.0,72.38231367057209,0.0,0.0,133.0,0.0,0.01929306976298611,0.0,0.0,0.0,0.0
4/3,0.03,10,0.32329500750369955,3878,0.3357623439642333,2.9949365313828804,0.3205741049032926,3.9932659935649735,0.0,5.463897961883113,0.3357623439642333,29.077074977788367,1108.0,,,,,,,,3763.0,0.33317513661954473,0.21143129590779955,10.0,67.21148803445992,0.0,0.0,115.0,0.0,0.01662296998985609,0.0,0.0,0.0,0.0
4/3,0.03,11,0.33968143061037426,3871,0.35232513495707585,3.012799979594098,0.3469828763689732,3.9995783928382798,0.0,5.585229563767746,0.35232513495707585,29.901266376552353,1106.0,,,,,,,,3742.0,0.3513914532049061,0.21040364658750071,8.0,67.70375549592502,0.0,0.0,129.0,0.0,0.019060704066826393,0.0,0.0,0.0,0.0
4/3,0.03,12,0.29300505215446854,3876,0.29438598035415486,2.9660214520948727,0.3413134624020131,4.030583225001102,0.0,5.39157217907629,0.3413134624020131,29.69586291304784,1107.7142857142858,,,,,,,,3755.0,0.30244675956077766,0.21210780510433444,7.0,76.11682842252058,0.0,0.0,121.0,0.0,0.017258736340429497,0.0,0.0,0.0,0.0
4/3,0.03,13,0.32444490768953166,3883,0.3377967465883925,2.999581047086316,0.3186717196397171,3.978898015188061,0.0,5.483258201107431,0.3377967465883925,29.104113169265656,1109.4285714285713,,,,,,,,3767.0,0.33443577822098525,0.21206170755355316,11.0,67.67852692624714,0.0,0.0,116.0,0.0,0.016826929929324167,0.0,0.0,0.0,0.0
4/3,0.03,14,0.31462645202203676,3857,0.3215506745189762,2.9966465680686127,0.33857247731288326,3.9922720583272837,0.0,5.562823449255008,0.33857247731288326,30.566130013466957,1102.0,,,,,,,,3738.0,0.3246426499328507,0.211586911783276,9.0,74.85984511021012,0.0,0.0,119.0,0.0,0.017512592340247265,0.0,0.0,0.0,0.0
4/3,0.03,15,0.34544729071059377,3865,0.35405836680027913,3.023469850533643,0.37478855991430526,4.040753864385935,0.0,5.520736631526796,0.37478855991430526,30.9850418391818,1104.2857142857142,,,,,,,,3733.0,0.35766241055356146,0.21054913687372576,7.0,73.287439162921,0.0,0.0,132.0,0.0,0.01927876284025247,0.0,0.0,0.0,0.0
4/3,0.03,16,0.27990602820793903,3875,0.28568634019104416,2.9381403638178942,0.2994735675511253,3.9639431150445654,0.0,5.491968201543842,0.2994735675511253,28.963450139686906,1107.142857142857,,,,,,,,3766.0,0.2880073975851736,0.21092777172837573,8.0,69.09250390776461,0.0,0.0,109.0,0.0,0.015836627882758515,0.0,0.0,0.0,0.0
4/3,0.03,17,0.31427400571788444,3881,0.3202883015946528,2.991437646333627,0.34483742768160763,3.9923360898290676,0.0,5.461265459758658,0.34483742768160763,30.284946622220424,1108.857142857143,,,,,,,,3757.0,0.3246466372614079,0.2120383548193605,8.0,65.81674035869568,0.0,0.0,124.0,0.0,0.017915262354763786,0.0,0.0,0.0,0.0
4/3,0.03,18,0.30389155720713706,3869,0.31515636548139453,2.9845143880837526,0.2997713231934182,3.976229959112469,0.0,5.434951479357398,0.31515636548139453,28.44324923562603,1105.4285714285713,,,,,,,,3762.0,0.3125349374892114,0.2120570709159934,10.0,70.33343773422834,0.0,0.0,107.0,0.0,0.01538465101299585,0.0,0.0,0.0,0.0
4/3,0.03,19,0.3204966815868071,3856,0.3332071795835146,2.9991781063723355,0.3231963880624588,3.980381107792375,0.0,5.4491093618327096,0.3332071795835146,29.46984731269735,1101.7142857142858,,,,,,,,3730.0,0.33132311104523543,0.2111091991977565,9.0,70.1691505820686,0.0,0.0,126.0,0.0,0.018163697872775626,0.0,0.0,0.0,0.0
4/3,0.03,20,0.3468987222746944,3871,0.3599683954941165,3.028511313353782,0.35030999734945817,4.029847708123224,0.0,5.38239246778163,0.3599683954941165,30.62757851569074,1106.0,,,,,,,,3748.0,0.3582830720185011,0.2115652668790453,9.0,70.80812703774106,0.0,0.0,123.0,0.0,0.017514134220559304,0.0,0.0,0.0,0.0
4/3,0.03,21,0.3828275419293688,3865,0.39874363944881885,3.0661474331775516,0.3875731080722433,4.0355792220577325,0.0,5.414237254113339,0.39874363944881885,31.707451729132984,1104.2857142857142,,,,,,,,3730.0,0.3966832304442387,0.2107950505346193,10.0,72.7121387734623,0.0,0.0,135.0,0.0,0.019336561621833375,0.0,0.0,0.0,0.0
4/3,0.03,22,0.29583616053837875,3877,0.2985646283990678,2.96000866043857,0.3374289911461048,3.9919263199089126,0.0,5.455162353710359,0.3374289911461048,29.308292082071123,1107.7142857142858,,,,,,,,3758.0,0.3052040432164168,0.2110961684305713,6.0,71.25692867983442,0.0,0.0,119.0,0.0,0.017173659261680744,0.0,0.0,0.0,0.0
4/3,0.03,23,0.2943733923365349,3877,0.30609411557427235,2.9667125428591734,0.290071008177349,3.927051325349778,0.0,5.660652672900391,0.30609411557427235,28.853771195441013,1107.4285714285713,,,,,,,,3761.0,0.30345270994117146,0.2105508967655789,7.0,67.55438140710302,0.0,0.0,116.0,0.0,0.017371315080858384,0.0,0.0,0.0,0.0
4/3,0.03,24,0.34107010245207203,3865,0.35063876359885615,3.018232548954706,0.34988592989909,4.043869178998806,0.0,5.468896895719467,0.35063876359885615,30.193638068697204,1104.2857142857142,,,,,,,,3761.0,0.3505014480130971,0.21303419442166027,8.0,73.75457834784237,0.0,0.0,104.0,0.0,0.015046700453831326,0.0,0.0,0.0,0.0
4/3,0.03,25,0.33843476578772996,3888,0.3507674991137997,3.0078557447620886,0.34004277640396474,3.982406855063879,0.0,5.455814174820384,0.3507674991137997,30.529064564013595,1110.857142857143,,,,,,,,3772.0,0.3488426217875647,0.21209461510980562,9.0,70.44546935732984,0.0,0.0,116.0,0.0,0.016742710166115348,0.0,0.0,0.0,0.0
4/3,0.03,26,0.31272908261028637,3895,0.32210797757480825,2.9903937390020916,0.33038374055000785,3.9809004573622286,0.001804951631726443,5.5227771867059445,0.3285787889182814,31.20777371663899,1112.857142857143,,,,,,,,3764.0,0.32355029970863686,0.21205895064969932,7.0,71.00380175852248,0.0,0.0,131.0,0.001804951631726443,0.019133528116262552,1.0,0.6184000854586884,0.0,0.0
4/3,0.03,27,0.34037708126812755,3893,0.3402089064862506,3.0011241587843833,0.39887959774254256,4.078515522257143,0.0,5.464217963648734,0.39887959774254256,31.137018690093672,1112.0,,,,,,,,3778.0,0.35073795060265234,0.2131330659802875,8.0,66.82270719295371,0.0,0.0,115.0,0.0,0.01662394354020103,0.0,0.0,0.0,0.0
4/3,0.03,28,0.31659472995939136,3882,0.3184819016654587,2.99005253178089,0.36959486609224873,4.020657415592807,0.0,5.51330988560998,0.36959486609224873,28.96768485585737,1109.142857142857,,,,,,,,3755.0,0.32730246117239875,0.21163608094930544,8.0,69.89783045863345,0.0,0.0,127.0,0.0,0.018523554377578626,0.0,0.0,0.0,0.0
4/3,0.03,29,0.32032879629825123,3870,0.33695772945855296,3.009772613763161,0.29569461995311136,4.031633784191452,0.0,5.571844497824996,0.33695772945855296,31.112750970429524,1105.7142857142858,,,,,,,,3758.0,0.32987558320229704,0.21289987094789628,9.0,73.90160078799173,0.0,0.0,112.0,0.0,0.01650916888244434,0.0,0.0,0.0,0.0
3/4,0.03,0,1.8663673844158102,3875,1.9168564035168174,4.584605156343483,2.0041929274860957,5.703935247638947,0.0,5.430420859716165,2.0041929274860957,118.91847057434036,1107.142857142857,,,,,,,,3743.0,1.9321863784694802,0.28210061787205065,15.0,85.2764630062644,0.0,0.0,132.0,0.0,0.0142225308230661,0.0,0.0,0.0,0.0
3/4,0.03,1,1.9092675642939096,3902,1.9834837729489545,4.64795661753253,1.8959727016108563,5.550618436712735,0.0,5.521260061920063,1.9834837729489545,126.00188228626013,1114.857142857143,,,,,,,,3786.0,1.9677659894016997,0.28468285066523374,18.0,84.52420947635801,0.0,0.0,116.0,0.0,0.012707662047276322,0.0,0.0,0.0,0.0
3/4,0.03,2,1.7633212594283025,3889,1.8522799493107132,4.515875166923552,1.6802716190767388,5.333900656809701,0.0,5.4885213579736485,1.8522799493107132,122.5854822776319,1111.142857142857,,,,,,,,3765.0,1.8213961163125283,0.2830079062622626,16.0,85.65622832430722,0.0,0.0,124.0,0.0,0.013503504928347922,0.0,0.0,0.0,0.0
3/4,0.03,3,1.8705256697520845,3880,1.87645254717767,4.5526408348657394,2.1134708882301347,5.801314229917915,0.0,5.528602901242962,2.1134708882301347,126.17939255296844,1108.5714285714287,,,,,,,,3784.0,1.9179808664476976,0.28564613178342435,17.0,87.1014971101601,0.0,0.0,96.0,0.0,0.010530672192843737,0.0,0.0,0.0,0.0
3/4,0.03,4,1.7649448540101313,3890,1.80673897769682,4.4735396027345455,1.8765934464663967,5.559754455237311,0.0,5.489280303877708,1.8765934464663967,120.68960643716999,1111.4285714285713,,,,,,,,3775.0,1.8187113859865989,0.28372374412150264,17.0,84.75883920726298,0.0,0.0,115.0,0.0,0.012525143550514744,0.0,0.0,0.0,0.0
3/4,0.03,5,1.7320162725137664,3880,1.7980071855152013,4.470042357845117,1.7097284703047553,5.36410312081343,0.0,5.569059235688207,1.7980071855152013,124.8828239122138,1108.5714285714287,,,,,,,,3770.0,1.7825525563271656,0.2836485887640675,17.0,84.18530651723228,0.0,0.0,110.0,0.0,0.012154692776303603,0.0,0.0,0.0,0.0
3/4,0.03,6,1.69618714573225,3906,1.7471872447058523,4.410052358726599,1.7347221281796017,5.38157399635179,0.0,5.37320732404061,1.7471872447058523,118.41047979892534,1116.0,,,,,,,,3797.0,1.7448793761470023,0.2857841673572817,18.0,81.68703324337181,0.0,0.0,109.0,0.0,0.011620626950802172,0.0,0.0,0.0,0.0
3/4,0.03,7,2.0451502807465034,3876,2.0910764706553624,4.76336808588824,2.1516010732035533,5.794272043598547,0.0,5.404013797532253,2.1516010732035533,119.58746477613091,1107.4285714285713,,,,,,,,3772.0,2.1015383054542545,0.28340135746624684,27.0,85.38935486657653,0.0,0.0,104.0,0.0,0.011151139582209457,0.0,0.0,0.0,0.0
3/4,0.03,8,1.640973904667125,3867,1.7107789603765704,4.380658504440352,1.5746905108704123,5.254482519224016,0.0,5.396065189672356,1.7107789603765704,125.15627856692339,1104.857142857143,,,,,,,,3761.0,1.6872231027247466,0.2830388883459414,17.0,85.4954772647812,0.0,0.0,106.0,0.0,0.011348867263993426,0.0,0.0,0.0,0.0
3/4,0.03,9,1.4332569030813345,3871,1.4979093977560292,4.165140137568371,1.4210300950689934,5.077013797752063,0.0,5.483293511585541,1.4979093977560292,118.4066318048843,1106.0,,,,,,,,3738.0,1.484252935213442,0.2811280548350449,13.0,84.22143898124439,0.0,0.0,133.0,0.0,0.014469802322239583,0.0,0.0,0.0,0.0
3/4,0.03,10,1.7403900125175142,3878,1.8121244025498855,4.471298589968533,1.7032450605026175,5.3759369491642985,0.0,5.463897961883113,1.8121244025498855,121.25683288677284,1108.0,,,,,,,,3763.0,1.7935775893018655,0.28190839454373273,17.0,85.17556980051998,0.0,0.0,115.0,0.0,0.012467227492392067,0.0,0.0,0.0,0.0
3/4,0.03,11,1.7023796196695389,3871,1.7711302715361708,4.431605116173193,1.7135492801790362,5.366144796648343,0.0,5.585229563767746,1.7711302715361708,118.90447603679634,1106.0,,,,,,,,3742.0,1.7610666776431814,0.2805381954500009,14.0,84.82600310929648,0.0,0.0,129.0,0.0,0.014295528050119794,0.0,0.0,0.0,0.0
3/4,0.03,12,1.8801689861102693,3876,1.9101177187089715,4.58175319044969,2.088478891439538,5.777748654038627,0.0,5.39157217907629,2.088478891439538,126.0392243713273,1107.7142857142858,,,,,,,,3755.0,1.9407549907226107,0.28281040680577924,14.0,85.37778595221491,0.0,0.0,121.0,0.0,0.012944052255322122,0.0,0.0,0.0,0.0
3/4,0.03,13,1.8552720396690752,3883,1.8961206555870427,4.5579049560849665,1.9887714417481142,5.648997737296458,0.0,5.483258201107431,1.9887714417481142,121.28113166614388,1109.4285714285713,,,,,,,,3767.0,1.9124027953371432,0.28274894340473755,19.0,83.35026374208753,0.0,0.0,116.0,0.0,0.012620197446993126,0.0,0.0,0.0,0.0
3/4,0.03,14,1.6622753123296183,3857,1.719625916266805,4.394721809816443,1.6952285740724318,5.348928155086833,0.0,5.562823449255008,1.719625916266805,122.41392429084537,1102.0,,,,,,,,3738.0,1.7151941893138947,0.28211588237770135,16.0,81.6680687586589,0.0,0.0,119.0,0.0,0.013134444255185448,0.0,0.0,0.0,0.0
3/4,0.03,15,1.7913681830897648,3865,1.844814841952992,4.514226325686356,1.9017396842202057,5.567704988691835,0.0,5.520736631526796,1.9017396842202057,121.82317280515176,1104.2857142857142,,,,,,,,3733.0,1.854711499502261,0.280732182498301,19.0,86.80163402822274,0.0,0.0,132.0,0.0,0.01445907213018935,0.0,0.0,0.0,0.0
3/4,0.03,16,1.591740670162207,3875,1.629682582176739,4.282136605803588,1.6779641159321868,5.342433663425627,0.0,5.491968201543842,1.6779641159321868,120.62516614632196,1107.142857142857,,,,,,,,3766.0,1.6378107001801785,0.28123702897116765,16.0,82.86140851044063,0.0,0.0,109.0,0.0,0.011877470912068887,0.0,0.0,0.0,0.0
3/4,0.03,17,1.8220736551848766,3881,1.8795400459333425,4.550689390672317,1.8945863775689327,5.542085039716393,0.0,5.461265459758658,1.8945863775689327,120.61091231060217,1108.857142857143,,,,,,,,3757.0,1.8822113004451708,0.28271780642581407,17.0,82.07029308337611,0.0,0.0,124.0,0.0,0.013436446766072838,0.0,0.0,0.0,0.0
3/4,0.03,18,1.6738371342745977,3869,1.7040189552643437,4.373376977866702,1.8062912841316732,5.482749920050724,0.0,5.434951479357398,1.8062912841316732,121.8519536546059,1105.4285714285713,,,,,,,,3762.0,1.7214449421872458,0.2827427612213246,14.0,85.81183508072746,0.0,0.0,107.0,0.0,0.011538488259746888,0.0,0.0,0.0,0.0
3/4,0.03,19,1.7327667376369793,3856,1.7880542547445633,4.454025181533385,1.8052995113413877,5.462484231071304,0.0,5.4491093618327096,1.8052995113413877,120.87089664006294,1101.7142857142858,,,,,,,,3730.0,1.7912998767635904,0.2814789322636754,13.0,86.19768784375398,0.0,0.0,126.0,0.0,0.01362277340458172,0.0,0.0,0.0,0.0
3/4,0.03,20,1.9980928241220395,3871,2.062774777541016,4.731317695400682,2.0678779211995577,5.747415631973324,0.0,5.38239246778163,2.0678779211995577,123.41526721514198,1106.0,,,,,,,,3748.0,2.0636652407087555,0.2820870225053938,17.0,82.95830557367782,0.0,0.0,123.0,0.0,0.013135600665419477,0.0,0.0,0.0,0.0
3/4,0.03,21,1.922725933592812,3865,1.984024784803963,4.651428578532695,2.0289714214572134,5.676977535442703,0.0,5.414237254113339,2.0289714214572134,122.5109401222662,1104.2857142857142,,,,,,,,3730.0,1.99231521000971,0.2810600673794924,17.0,85.72730284463358,0.0,0.0,135.0,0.0,0.01450242121637503,0.0,0.0,0.0,0.0
3/4,0.03,22,1.6299959187112523,3877,1.6606895528871028,4.322133584926605,1.7831550312263442,5.437652359989151,0.0,5.455162353710359,1.7831550312263442,118.77505254054321,1107.7142857142858,,,,,,,,3758.0,1.6816110103362227,0.28146155790742844,15.0,82.7197710193104,0.0,0.0,119.0,0.0,0.012880244446260557,0.0,0.0,0.0,0.0
3/4,0.03,23,1.6441963847909595,3877,1.6721590623171325,4.332777489602035,1.8101576920910285,5.447138009263457,0.0,5.660652672900391,1.8101576920910285,117.74508212736806,1107.4285714285713,,,,,,,,3761.0,1.694908105247155,0.2807345290207719,15.0,81.74526098576204,0.0,0.0,116.0,0.0,0.013028486310643787,0.0,0.0,0.0,0.0
3/4,0.03,24,1.8019657784400782,3865,1.869669419242847,4.5372632045986965,1.7716680313398654,5.46565128043958,0.0,5.468896895719467,1.869669419242847,121.38475473680583,1104.2857142857142,,,,,,,,3761.0,1.8517941328558634,0.2840455925622137,16.0,85.31780074518012,0.0,0.0,104.0,0.0,0.011285025340373496,0.0,0.0,0.0,0.0
3/4,0.03,25,1.8190020646637244,3888,1.868797174819598,4.525885420467887,1.9030321585611585,5.545396237221073,0.0,5.455814174820384,1.9030321585611585,122.32713873504187,1110.857142857143,,,,,,,,3772.0,1.8749416827710923,0.2827928201464075,16.0,84.03406854023125,0.0,0.0,116.0,0.0,0.01255703262458651,0.0,0.0,0.0,0.0
3/4,0.03,26,1.9692503248129618,3895,2.0354182297099492,4.703703991137232,2.04900938598775,5.699526102799971,0.0,5.520972235074218,2.04900938598775,126.64100672662826,1112.857142857143,,,,,,,,3764.0,2.03778693282319,0.28274526753293244,17.0,87.20237842929428,0.0,0.0,131.0,0.0,0.014350146087196914,0.0,0.0,0.0,0.0
3/4,0.03,27,2.035151592890139,3893,2.058920304909897,4.71983555720803,2.271669920207421,5.951305844722023,0.0,5.464217963648734,2.271669920207421,126.42552856311752,1112.0,,,,,,,,3778.0,2.097100357628722,0.28417742130705004,21.0,83.82665371692354,0.0,0.0,115.0,0.0,0.01246795765515077,0.0,0.0,0.0,0.0
3/4,0.03,28,1.602899298666097,3882,1.627936861415668,4.2995074915311,1.7969988410544881,5.448061390555047,0.0,5.51330988560998,1.7969988410544881,116.347015895954,1109.142857142857,,,,,,,,3755.0,1.6571118714838322,0.2821814412657406,15.0,86.84495596675536,0.0,0.0,127.0,0.0,0.013892665783183968,0.0,0.0,0.0,0.0
3/4,0.03,29,1.9126381734053994,3870,1.9700116296877197,4.642826513992328,1.967850430792285,5.703789595030625,0.0,5.571844497824996,1.9700116296877197,124.94389059552825,1105.7142857142858,,,,,,,,3758.0,1.969640694805454,0.28386649459719504,18.0,85.50874810040305,0.0,0.0,112.0,0.0,0.012381876661833257,0.0,0.0,0.0,0.0
2/5,0.03,0,12.087085979232066,3875,12.454811334057098,15.12256008688376,12.788295879184258,16.488038199337105,0.0,5.430420859716165,12.788295879184258,360.1122405592772,1107.142857142857,,,,,,,,3743.0,12.513347093113612,0.423150926808076,41.0,108.69967698833163,0.0,0.0,132.0,0.0,0.01137802465845288,0.0,0.0,0.0,0.0
2/5,0.03,1,12.51930952514572,3902,12.928741280563031,15.593214125146606,12.784816690720334,16.439462425822214,0.0,5.521260061920063,12.928741280563031,359.0521448091461,1114.857142857143,,,,,,,,3786.0,12.902891116513102,0.42702427599785053,41.0,108.39938092280035,0.0,0.0,116.0,0.0,0.010166129637821058,0.0,0.0,0.0,0.0
2/5,0.03,2,12.571316237746776,3889,13.218486891984256,15.882082109597093,11.920033785884398,15.573662823617362,0.0,5.4885213579736485,13.218486891984256,361.74263499684076,1111.142857142857,,,,,,,,3765.0,12.985351619813336,0.4245118593933939,39.0,108.40672106695705,0.0,0.0,124.0,0.0,0.010802803942678338,0.0,0.0,0.0,0.0
2/5,0.03,3,12.873330625152455,3880,13.094084587150421,15.77027287483849,13.698167163039294,17.38601050472707,0.0,5.528602901242962,13.698167163039294,370.2656326412494,1108.5714285714287,,,,,,,,3784.0,13.199926750949134,0.4284691976751367,41.0,109.76965750622996,0.0,0.0,96.0,0.0,0.00842453775427499,0.0,0.0,0.0,0.0
2/5,0.03,4,12.391588923263477,3890,12.682248446148918,15.349049071186641,13.188883727884248,16.872044736655162,0.0,5.489280303877708,13.188883727884248,363.919413767059,1111.4285714285713,,,,,,,,3775.0,12.769081036157594,0.42558561618225393,42.0,110.14750497141632,0.0,0.0,115.0,0.0,0.010020114840411794,0.0,0.0,0.0,0.0
2/5,0.03,5,12.750497077774064,3880,13.139960347178755,15.811995519508672,13.04038179096582,16.694756441474496,0.0,5.569059235688207,13.139960347178755,363.6530648616377,1108.5714285714287,,,,,,,,3770.0,13.12252749648896,0.42547288314610127,42.0,109.10881035088725,0.0,0.0,110.0,0.0,0.009723754221042883,0.0,0.0,0.0,0.0
2/5,0.03,6,12.588208422617054,3906,12.934835757838552,15.597700871859299,13.014452722602758,16.661304590774947,0.0,5.37320732404061,13.014452722602758,366.0516257673526,1116.0,,,,,,,,3797.0,12.949576533774618,0.42867625103592255,42.0,108.8866997281926,0.0,0.0,109.0,0.0,0.009296501560641738,0.0,0.0,0.0,0.0
2/5,0.03,7,12.459480172726012,3876,12.707406922330968,15.379698537563845,13.260483975173928,16.90315494556892,0.0,5.404013797532253,13.260483975173928,365.21204870041555,1107.4285714285713,,,,,,,,3772.0,12.803007727859496,0.42510203619937026,49.0,108.07694046725024,0.0,0.0,104.0,0.0,0.008920911665767566,0.0,0.0,0.0,0.0
2/5,0.03,8,12.585007013509971,3867,13.025874535022831,15.695754079086614,12.528037353797318,16.20782936215092,0.0,5.396065189672356,13.025874535022831,364.1095860858231,1104.857142857143,,,,,,,,3761.0,12.939702770870262,0.4245583325189122,37.0,108.21321044401212,0.0,0.0,106.0,0.0,0.009079093811194741,0.0,0.0,0.0,0.0
2/5,0.03,9,12.132703875765461,3871,12.666175102754039,15.33340584256638,12.0931843934069,15.749168096089969,0.0,5.483293511585541,12.666175102754039,367.16633012372114,1106.0,,,,,,,,3738.0,12.564391841382582,0.42169208225256727,38.0,108.1412202596544,0.0,0.0,133.0,0.0,0.011575841857791667,0.0,0.0,0.0,0.0
2/5,0.03,10,12.360248865350679,3878,12.825480569560355,15.484654756979,12.311848302125599,15.98454019078728,0.0,5.463897961883113,12.825480569560355,359.063452269812,1108.0,,,,,,,,3763.0,12.737987005003967,0.4228625918155991,39.0,107.58971900025699,0.0,0.0,115.0,0.0,0.009973781993913654,0.0,0.0,0.0,0.0
2/5,0.03,11,12.25360460244585,3871,12.763771801663342,15.424246646300364,12.261737144543561,15.914332661012866,0.0,5.585229563767746,12.763771801663342,356.0316186755084,1106.0,,,,,,,,3742.0,12.676029774470306,0.42080729317500154,39.0,108.85564205403372,0.0,0.0,129.0,0.0,0.011436422440095836,0.0,0.0,0.0,0.0
2/5,0.03,12,12.773929735296312,3876,13.247211611260077,15.918847083000793,12.888253555022738,16.577523317621825,0.0,5.39157217907629,13.247211611260077,360.98297386172186,1107.7142857142858,,,,,,,,3755.0,13.185553037019575,0.424215610208669,38.0,107.89029852208078,0.0,0.0,121.0,0.0,0.010355241804257698,0.0,0.0,0.0,0.0
2/5,0.03,13,12.458030491780576,3883,12.744445153991437,15.406229454489363,13.297628695529562,16.957854991077905,0.0,5.483258201107431,13.297628695529562,365.79442743342213,1109.4285714285713,,,,,,,,3767.0,12.841659782209708,0.4241234151071063,44.0,107.11790092827424,0.0,0.0,116.0,0.0,0.010096157957594502,0.0,0.0,0.0,0.0
2/5,0.03,14,12.444386361971734,3857,12.878773196345595,15.553869089895235,12.668381429313397,16.322081010327803,0.0,5.562823449255008,12.878773196345595,368.2168088038343,1102.0,,,,,,,,3738.0,12.840555965255477,0.42317382356655187,42.0,108.08498542771864,0.0,0.0,119.0,0.0,0.010507555404148357,0.0,0.0,0.0,0.0
2/5,0.03,15,12.029493264306907,3865,12.361715003291055,15.031126487024416,12.897476727883808,16.56344203235544,0.0,5.520736631526796,12.897476727883808,354.26461298786666,1104.2857142857142,,,,,,,,3733.0,12.454859755303028,0.4210982737474515,39.0,108.00170931972025,0.0,0.0,132.0,0.0,0.011567257704151481,0.0,0.0,0.0,0.0
2/5,0.03,16,12.311213399758431,3875,12.641973111052057,15.294427134678905,12.793836183357865,16.458305730851304,0.0,5.491968201543842,12.793836183357865,363.81161578181417,1107.142857142857,,,,,,,,3766.0,12.66753901329366,0.42185554345675147,38.0,107.4769385787766,0.0,0.0,109.0,0.0,0.00950197672965511,0.0,0.0,0.0,0.0
2/5,0.03,17,12.446749441652374,3881,12.773570037786783,15.444719382525756,13.24663143372069,16.894130095868153,0.0,5.461265459758658,13.24663143372069,366.0728519659099,1108.857142857143,,,,,,,,3757.0,12.857555119258146,0.42407670963872107,38.0,106.82541591783365,0.0,0.0,124.0,0.0,0.01074915741285827,0.0,0.0,0.0,0.0
2/5,0.03,18,11.845764822498712,3869,12.18776861333463,14.85712663593699,12.157937996926886,15.83439663284594,0.0,5.434951479357398,12.18776861333463,363.6271764545105,1105.4285714285713,,,,,,,,3762.0,12.182685831538414,0.42411414183198687,37.0,108.81064027846672,0.0,0.0,107.0,0.0,0.009230790607797511,0.0,0.0,0.0,0.0
2/5,0.03,19,12.44950619616238,3856,12.862544546417386,15.528515473206207,12.90243733027106,16.559622050000975,0.0,5.4491093618327096,12.90243733027106,358.04291979272784,1101.7142857142858,,,,,,,,3730.0,12.870052518070274,0.4222183983955131,39.0,109.14257320033218,0.0,0.0,126.0,0.0,0.010898218723665375,0.0,0.0,0.0,0.0
2/5,0.03,20,12.11773333741883,3871,12.361722192794414,15.030265110654078,13.242472912297226,16.922010623070996,0.0,5.38239246778163,13.242472912297226,357.3174093460722,1106.0,,,,,,,,3748.0,12.515407083550773,0.4231305337580906,41.0,108.3090807354206,0.0,0.0,123.0,0.0,0.010508480532335582,0.0,0.0,0.0,0.0
2/5,0.03,21,12.716942818834175,3865,13.148048613260396,15.815452406989131,13.306133885546446,16.954139999531936,0.0,5.414237254113339,13.306133885546446,357.41326872125813,1104.2857142857142,,,,,,,,3730.0,13.177207505306725,0.4215901010692388,39.0,107.97909556882433,0.0,0.0,135.0,0.0,0.011601936973100024,0.0,0.0,0.0,0.0
2/5,0.03,22,12.275324793457337,3877,12.595601769843675,15.257045801883178,12.996166837073522,16.65066416583633,0.0,5.455162353710359,12.996166837073522,363.69029898438043,1107.7142857142858,,,,,,,,3758.0,12.664032523745101,0.4221923368611426,39.0,108.09086514858285,0.0,0.0,119.0,0.0,0.010304195557008447,0.0,0.0,0.0,0.0
2/5,0.03,23,12.20388646997054,3877,12.315181268295513,14.975799695580413,13.923360452192865,17.560340769365297,0.0,5.660652672900391,13.923360452192865,357.84214827116887,1107.4285714285713,,,,,,,,3761.0,12.580289243306508,0.42110179353115784,40.0,107.10930519600099,0.0,0.0,116.0,0.0,0.01042278904851503,0.0,0.0,0.0,0.0
2/5,0.03,24,12.494420092112483,3865,12.94112970521833,15.60872349057418,12.386238793685685,16.080222042785397,0.0,5.468896895719467,12.94112970521833,365.1770483928184,1104.2857142857142,,,,,,,,3761.0,12.839918547198817,0.42606838884332054,38.0,108.85863099025703,0.0,0.0,104.0,0.0,0.009028020272298796,0.0,0.0,0.0,0.0
2/5,0.03,25,12.320026470990761,3888,12.732692899484778,15.389781145133067,12.544428944323041,16.186793022982954,0.0,5.455814174820384,12.732692899484778,367.6826105670711,1110.857142857143,,,,,,,,3772.0,12.698903212940637,0.42418923021961125,38.0,107.3864183640079,0.0,0.0,116.0,0.0,0.010045626099669209,0.0,0.0,0.0,0.0
2/5,0.03,26,13.090717627767969,3895,13.533237210258237,16.20152297168552,13.60829864431957,17.25881536113179,0.0,5.520972235074218,13.60829864431957,357.66295832322544,1112.857142857143,,,,,,,,3764.0,13.546319118001128,0.4241179012993987,43.0,109.37841009158139,0.0,0.0,131.0,0.0,0.011480116869757532,0.0,0.0,0.0,0.0
2/5,0.03,27,13.503342190707585,3893,13.867107240118118,16.52802249241625,14.130499563508053,17.810135488022652,0.0,5.464217963648734,14.130499563508053,366.633911408141,1112.0,,,,,,,,3778.0,13.914375634839764,0.426266131960575,43.0,108.46345854164062,0.0,0.0,115.0,0.0,0.009974366124120617,0.0,0.0,0.0,0.0
2/5,0.03,28,11.673766830711378,3882,11.979775544548335,14.651346174663765,12.49444478381157,16.14550733331213,0.0,5.51330988560998,12.49444478381157,359.27066804300995,1109.142857142857,,,,,,,,3755.0,12.068591967196157,0.4232721618986107,42.0,108.45235488241693,0.0,0.0,127.0,0.0,0.011114132626547174,0.0,0.0,0.0,0.0
2/5,0.03,29,12.806234010068575,3870,13.253603103303522,15.926417987608128,12.870789392839578,16.60672855707792,0.0,5.571844497824996,13.253603103303522,365.33157770333975,1105.7142857142858,,,,,,,,3758.0,13.187899313189302,0.4257997418957925,40.0,108.83747370121364,0.0,0.0,112.0,0.0,0.009905501329466606,0.0,0.0,0.0,0.0
Undivided,0.05,0,0.016991833807680216,3875,0.017482488197879148,2.6864529468305096,0.0181184319667636,3.698622129398812,0.007063636251331861,5.5237339123829745,0.01105479571543174,0.0,1107.142857142857,3875.0,0.016991833807680216,0.13163128866838048,5.0,27.18878111530409,0.0,0.0,,,,,,,,,,,,,,
Undivided,0.05,1,0.014821581841182955,3902,0.013826352816698938,2.6797812223032835,0.018970552513142835,3.664239713049688,0.015770173689523635,5.5188515023502065,0.005144199696443898,0.0,1114.857142857143,3902.0,0.014821581841182955,0.13149948509130457,6.0,22.39592118879437,0.0,0.0,,,,,,,,,,,,,,
Undivided,0.05,2,0.006703612020239485,3889,0.005397486476289908,2.6684548897877494,0.009667527610123936,3.6685395733143014,0.01637474390586014,5.498103074516995,0.010977257429570234,0.0,1111.142857142857,3889.0,0.006703612020239485,0.13147755271439018,3.0,23.073175826954632,0.0,0.0,,,,,,,,,,,,,,
Undivided,0.05,3,0.006297113528021023,3880,0.005926701306565202,2.68172512714366,0.00827760139363472,3.70028056093964,0.005656417472107412,5.532609022097724,0.0026211839215273076,0.0,1108.5714285714287,3880.0,0.006297113528021023,0.1305087337595359,4.0,16.31335428834207,0.0,0.0,,,,,,,,,,,,,,
Undivided,0.05,4,0.020315078200507174,3890,0.017489671918394022,2.683774853777236,0.028293875746177446,3.7053336409073796,0.03877415246190701,5.595055435362921,0.02128448054351299,0.0,1111.4285714285713,3890.0,0.020315078200507174,0.13119877891867104,6.0,21.448347448377472,0.0,0.0,,,,,,,,,,,,,,
Undivided,0.05,5,0.012987874417568332,3880,0.012934657662483846,2.685129058176022,0.015584367141139272,3.6592221096991784,0.005053865445292228,5.607447107170245,0.010530501695847044,0.0,1108.5714285714287,3880.0,0.012987874417568332,0.13101286453089164,4.0,22.19097756831731,0.0,0.0,,,,,,,,,,,,,,
Undivided,0.05,6,0.010332259590363525,3906,0.010970438060790193,2.6746411893856283,0.00803810222947638,3.6476212518533964,0.008325821775074675,5.439355953632019,0.0029323358313138124,0.0,1116.0,3906.0,0.010332259590363525,0.13171208025610362,4.0,21.70766628242241,0.0,0.0,,,,,,,,,,,,,,
Undivided,0.05,7,0.009967319763836455,3876,0.010658179600224704,2.6825218668195263,0.008903089485851267,3.662096484807688,0.0022846531744478314,5.404647014349472,0.008373526425776871,0.0,1107.4285714285713,3876.0,0.009967319763836455,0.1302104040691116,3.0,25.11947741411916,0.0,0.0,,,,,,,,,,,,,,
Undivided,0.05,8,0.009827382032698203,3867,0.01078137710596935,2.6804735487391067,0.007051949514593333,3.6893031048835043,0.0034002413215608127,5.44648347854452,0.007381135784408537,0.0,1104.857142857143,3867.0,0.009827382032698203,0.13000118679717274,3.0,24.302785130777107,0.0,0.0,,,,,,,,,,,,,,
Undivided,0.05,9,0.006988703893334809,3871,0.007307647677460123,2.6732083537174054,0.005101589374520606,3.6818570851812433,0.008370761126381767,5.433931006213197,0.0032691717518611614,0.0,1106.0,3871.0,0.006988703893334809,0.13085356527035003,3.0,23.982067663356904,0.0,0.0,,,,,,,,,,,,,,
Undivided,0.05,10,0.010847506137257344,3878,0.010879715739974037,2.669886557969694,0.009904837607641829,3.692898705091942,0.013413743945107184,5.431064395334859,0.003508906337465355,0.0,1108.0,3878.0,0.010847506137257344,0.13007585927001775,4.0,25.184348209307874,0.0,0.0,,,,,,,,,,,,,,
Undivided,0.05,11,0.012084103679601284,3871,0.012088590690601081,2.6739777186009186,0.013920925216685138,3.652519648178587,0.006319156650749015,5.568091858585312,0.007601768565936123,0.0,1106.0,3871.0,0.012084103679601284,0.13061038831370295,4.0,21.531531396532912,0.0,0.0,,,,,,,,,,,,,,
Undivided,0.05,12,0.006144410751073217,3876,0.005172700001068218,2.677035784370887,0.011735307782136347,3.7038875619228,0.002845390998847582,5.414287457443866,0.008889916783288765,0.0,1107.7142857142858,3876.0,0.006144410751073217,0.13082805203897005,3.0,15.512745841563943,0.0,0.0,,,,,,,,,,,,,,
Undivided,0.05,13,0.007793927052353003,3883,0.005957701350315011,2.6670489741684014,0.017597238298339733,3.6804756271183194,0.001984006632760688,5.500860871937575,0.015613231665579045,0.0,1109.4285714285713,3883.0,0.007793927052353003,0.13049329015070363,4.0,20.0480985363864,0.0,0.0,,,,,,,,,,,,,,
Undivided,0.05,14,0.006893287030297724,3857,0.006634132325050149,2.6819797419022717,0.008248865278671897,3.665831243554466,0.006295997800710514,5.514717131169079,0.0019528674779613836,0.0,1102.0,3857.0,0.006893287030297724,0.13112218655082347,4.0,18.66776516120253,0.0,0.0,,,,,,,,,,,,,,
Undivided,0.05,15,0.01176291315916345,3865,0.011933835323177724,2.68085691755307,0.012817223832550236,3.6803096456264353,0.0057642394089449205,5.53556228244936,0.007052984423605316,0.0,1104.2857142857142,3865.0,0.01176291315916345,0.1306778157145115,4.0,27.74882266017859,0.0,0.0,,,,,,,,,,,,,,
Undivided,0.05,16,0.008249556420354038,3875,0.008225955129592991,2.660349882407041,0.010271176642521293,3.6664137137168855,0.0013316578366997915,5.554793434929439,0.008939518805821502,0.0,1107.142857142857,3875.0,0.008249556420354038,0.12957119674396855,5.0,20.525254546290366,0.0,0.0,,,,,,,,,,,,,,
Undivided,0.05,17,0.011679797255356235,3881,0.011616610239567046,2.6822330668792382,0.013455977763986753,3.652641709680885,0.007361560079012271,5.544148126254765,0.006094417684974482,0.0,1108.857142857143,3881.0,0.011679797255356235,0.1314836685161998,5.0,23.056882546347058,0.0,0.0,,,,,,,,,,,,,,
Undivided,0.05,18,0.0160702466646013,3869,0.016879853809938894,2.6850773361254996,0.009743238496705095,3.70525659236834,0.023825822387478816,5.430030529718935,0.014082583890773721,0.0,1105.4285714285713,3869.0,0.0160702466646013,0.12995386164516423,4.0,26.888437996919546,0.0,0.0,,,,,,,,,,,,,,
Undivided,0.05,19,0.0151625592161953,3856,0.015101069676646378,2.683274371300076,0.015662534263368534,3.6565023383393953,0.01438073178992691,5.4863513931314865,0.0012818024734416247,0.0,1101.7142857142858,3856.0,0.0151625592161953,0.13099926734875383,6.0,26.007947199138357,0.0,0.0,,,,,,,,,,,,,,
Undivided,0.05,20,0.01788762235351082,3871,0.01622637542453716,2.685011814410147,0.024562934012113014,3.6952034153044746,0.02198783906797574,5.490598934062443,0.008336558587575853,0.0,1106.0,3871.0,0.01788762235351082,0.1305036088765846,4.0,25.42948032996803,0.0,0.0,,,,,,,,,,,,,,
Undivided,0.05,21,0.013395911058782392,3865,0.013052063779120783,2.681347763974473,0.01473270532473923,3.654345899264204,0.013906536265387523,5.47358197325348,0.001680641545618448,0.0,1104.2857142857142,3865.0,0.013395911058782392,0.13105354138007524,3.0,22.402524831801063,0.0,0.0,,,,,,,,,,,,,,
Undivided,0.05,22,0.010694899384236246,3877,0.010406728357346512,2.6730687424113686,0.010637935249432596,3.6578598643673623,0.01547173885566964,5.467863877121821,0.0050650104983231276,0.0,1107.7142857142858,3877.0,0.010694899384236246,0.1303171644804235,3.0,24.70952621424247,0.0,0.0,,,,,,,,,,,,,,
Undivided,0.05,23,0.010965208606958144,3877,0.010199905245322936,2.6713817453391786,0.015830336670532037,3.653011006068694,0.007831435476642723,5.564850639243553,0.007998901193889314,0.0,1107.4285714285713,3877.0,0.010965208606958144,0.1301168762725945,3.0,22.77725531389558,0.0,0.0,,,,,,,,,,,,,,
Undivided,0.05,24,0.012441341580044576,3865,0.011567941680314392,2.678401465661919,0.014609851439032349,3.7050004091866175,0.018471292904695957,5.563275973641015,0.006903351224381566,0.0,1104.2857142857142,3865.0,0.012441341580044576,0.130949653889389,5.0,23.4013980623971,0.0,0.0,,,,,,,,,,,,,,
Undivided,0.05,25,0.011158387430999181,3888,0.01098091365134414,2.6688411425099217,0.009952305012233133,3.6487183535437793,0.018361739598629082,5.4646309394126185,0.00840943458639595,0.0,1110.857142857143,3888.0,0.011158387430999181,0.1305371978726912,5.0,26.604125274646908,0.0,0.0,,,,,,,,,,,,,,
Undivided,0.05,26,0.01067450529447544,3895,0.012005485573378091,2.681072284559265,0.003912394368335201,3.637643341261987,0.012322918158247905,5.58328940867076,0.008410523789912704,0.0,1112.857142857143,3895.0,0.01067450529447544,0.13204071029161488,5.0,20.392672718667445,0.0,0.0,,,,,,,,,,,,,,
Undivided,0.05,27,0.00709937765495243,3893,0.0072884912131500786,2.6685014100187736,0.0054830952387345255,3.689248019667271,0.009655246133434048,5.446729629395101,0.004172150894699522,0.0,1112.0,3893.0,0.00709937765495243,0.13075706054966962,3.0,16.854895540810414,0.0,0.0,,,,,,,,,,,,,,
Undivided,0.05,28,0.01061476495072817,3882,0.010152343147059435,2.681471371137366,0.012634590092549716,3.6727691635145168,0.011113096424291107,5.4825348524326785,0.0024822469454902803,0.0,1109.142857142857,3882.0,0.01061476495072817,0.1312184494843699,4.0,25.43803147076665,0.0,0.0,,,,,,,,,,,,,,
Undivided,0.05,29,0.007805336004880571,3870,0.008324931279610372,2.6812043561708268,0.005692609336228869,3.7277494942250593,0.006528992380307627,5.643041718722868,0.002632321943381503,0.0,1105.7142857142858,3870.0,0.007805336004880571,0.13110663503874645,4.0,21.071701186743027,0.0,0.0,,,,,,,,,,,,,,
6/1,0.05,0,0.0898477855962832,3875,0.030144590233690628,2.699115048866321,0.031087860544976455,3.711591557977025,1.0742834068111786,6.5909536829428195,1.044138816577488,13.694101653552433,1107.142857142857,,,,,,,,3654.0,0.030307481193302382,0.13744306255986857,6.0,35.95407071531871,0.0,0.0,221.0,1.0742834068111786,0.09676064531945204,3.0,31.218437145720152,0.0,0.0
6/1,0.05,1,0.05095595697555028,3902,0.027402551838536786,2.6933574213251212,0.025794749602777382,3.6710639101393223,0.5301416403581144,6.033222969018797,0.504346890755337,6.1944998141906655,1114.857142857143,,,,,,,,3717.0,0.02710625252955234,0.13994953094247142,7.0,35.177711576612026,0.0,0.0,185.0,0.5301416403581144,0.08079920998430337,2.0,22.802125325149966,0.0,0.0
6/1,0.05,2,0.05967570015712676,3889,0.011632904738763423,2.6746903080502227,0.019951754362379243,3.6788238000665565,0.8637349231596726,6.345463253770807,0.8521020184209092,10.543534289962937,1111.142857142857,,,,,,,,3676.0,0.013085761501103292,0.13794592612419365,3.0,31.60791202017556,0.0,0.0,213.0,0.8637349231596726,0.09266731225556929,2.0,29.086254284896224,0.0,0.0
6/1,0.05,3,0.040378666046984084,3880,0.015635899601396674,2.691434325438492,0.01897896650679273,3.710981926052798,0.5647146048152812,6.091667209440898,0.5490787052138846,5.651008311455996,1108.5714285714287,,,,,,,,3709.0,0.016204644604714255,0.13975874897090063,5.0,30.6183774880209,0.0,0.0,171.0,0.5647146048152812,0.07500864249134774,2.0,14.5920996344164,0.0,0.0
6/1,0.05,4,0.06898366887726402,3890,0.02789143085493647,2.694176612713778,0.026175948632740264,3.7032157137939423,0.8705533680867792,6.426834650987795,0.8443774194540389,8.890599532874603,1111.4285714285713,,,,,,,,3699.0,0.027594154806159024,0.13902754729619948,5.0,32.35480942276172,0.0,0.0,191.0,0.8705533680867792,0.08422616865350013,2.0,28.591878246657853,0.0,0.0
6/1,0.05,5,0.0788980025582361,3880,0.02516384911302267,2.6973582496265607,0.02804553312500077,3.6716832756830398,1.1069803281480501,6.709373569873003,1.0818164790350275,11.919035651615566,1108.5714285714287,,,,,,,,3689.0,0.025668475806364457,0.1386941473869733,5.0,32.04345568208285,0.0,0.0,191.0,1.1069803281480501,0.08492516739440176,3.0,29.468466672840997,0.0,0.0
6/1,0.05,6,0.05023605909259314,3906,0.019840069469706356,2.6835108207945444,0.015317536362734604,3.6549006859866546,0.6195605869541692,6.0505907188111125,0.6042430505914346,6.828388696145225,1116.0,,,,,,,,3703.0,0.01902545170509654,0.13908077198176425,4.0,28.759053177766166,0.0,0.0,203.0,0.6195605869541692,0.08749992990214003,2.0,28.356342659241093,0.0,0.0
6/1,0.05,7,0.06511145842407584,3876,0.022864138530902307,2.694727825750204,0.013055541917335397,3.6662489372391716,0.9216534305563328,6.324015791731356,0.9085978886389974,10.225490385718134,1107.4285714285713,,,,,,,,3687.0,0.02120409939695445,0.13840623217769255,4.0,34.31725197626855,0.0,0.0,189.0,0.9216534305563328,0.08103543541762578,2.0,31.376630054392535,0.0,0.0
6/1,0.05,8,0.049191615935481034,3867,0.02115918010347165,2.690851351736609,0.008956377378748775,3.6912075327476597,0.6553263203809664,6.098409557603926,0.6463699430022176,6.685504965590341,1104.857142857143,,,,,,,,3684.0,0.019082318727684126,0.13849233390342372,4.0,37.336292116281975,0.0,0.0,183.0,0.6553263203809664,0.0790543041596671,2.0,23.60246703876501,0.0,0.0
6/1,0.05,9,0.05654061137384156,3871,0.015425741341426734,2.681326447381372,0.010722658680571446,3.6874781544872945,0.8186217175971678,6.244181962683983,0.8078990589165964,9.50274331426609,1106.0,,,,,,,,3669.0,0.014583570366179547,0.13816562549388003,3.0,33.72835845364165,0.0,0.0,202.0,0.8186217175971678,0.08698120392917004,2.0,28.005445059649507,0.0,0.0
6/1,0.05,10,0.09419440426689625,3878,0.02312667087345638,2.6821335131031763,0.026525374994341388,3.709519242478642,1.4625302294869793,6.880180880876733,1.439403558613523,12.69662477642842,1108.0,,,,,,,,3688.0,0.023699879648724945,0.1381393804742263,4.0,32.72773740838545,0.0,0.0,190.0,1.4625302294869793,0.08169473204476636,3.0,26.595004794706213,0.0,0.0
6/1,0.05,11,0.07981447540564422,3871,0.024769470335231986,2.6866585982455495,0.02371451214144102,3.662313235103343,1.0674532168660458,6.629225918800608,1.0437387047246047,13.339651588132044,1106.0,,,,,,,,3666.0,0.02458644976478707,0.1372972598594183,4.0,33.838056372444946,0.0,0.0,205.0,1.0674532168660458,0.09048915903941099,3.0,25.506865268067333,0.0,0.0
6/1,0.05,12,0.0524663827414034,3876,0.01162710506704009,2.683490189436859,0.023990080262081822,3.7161423344027456,0.7947313248098288,6.206173391254846,0.7831042197427887,9.174593898127819,1107.7142857142858,,,,,,,,3684.0,0.01378156491373303,0.1388893824481443,3.0,26.92133795829443,0.0,0.0,192.0,0.7947313248098288,0.08246006958392467,3.0,20.81502415788502,0.0,0.0
6/1,0.05,13,0.04504252653732327,3883,0.015135369362964647,2.676226642181051,0.034010757942862534,3.6968891467628424,0.599465057463322,6.098341922768136,0.5843296881003573,6.527055793662339,1109.4285714285713,,,,,,,,3706.0,0.018563091034381612,0.13936781727689304,4.0,32.686345995183274,0.0,0.0,177.0,0.599465057463322,0.07724612739356712,2.0,16.60507404450687,0.0,0.0
6/1,0.05,14,0.07023906933729912,3857,0.019699050052615158,2.6950446596298367,0.023135639036148636,3.6807180173119427,0.937100935219012,6.445522068587381,0.9174018851663969,12.23867196412189,1102.0,,,,,,,,3647.0,0.020323798749100678,0.1376747144943819,5.0,28.884884973593365,0.0,0.0,210.0,0.937100935219012,0.09180701888947299,2.0,26.95658806973532,0.0,0.0
6/1,0.05,15,0.05725474560303394,3865,0.024007538758909534,2.6929306209888018,0.021475694456801073,3.688968116250686,0.6779065261684294,6.207704569208847,0.6564308317116283,7.9176247743080355,1104.2857142857142,,,,,,,,3666.0,0.023564155223188412,0.13790150179173097,4.0,33.13620554987553,0.0,0.0,199.0,0.6779065261684294,0.08733569925119462,3.0,26.6178182502249,0.0,0.0
6/1,0.05,16,0.04996635875367311,3875,0.02279374059081688,2.674917667868265,0.02116949184850274,3.6773120289228673,0.6269424114923187,6.180404188585058,0.605772919643816,6.932730450279337,1107.142857142857,,,,,,,,3699.0,0.022513591713391515,0.13823770211705963,6.0,29.20779566005998,0.0,0.0,176.0,0.6269424114923187,0.07757216450542208,2.0,24.664101117388093,0.0,0.0
6/1,0.05,17,0.09135937357690746,3881,0.02138910306332284,2.692005559702994,0.03549107909779235,3.674676811014691,1.2372597930327798,6.774046359208533,1.215870689969457,14.792566940152335,1108.857142857143,,,,,,,,3665.0,0.023824724026438586,0.13757822307982617,5.0,31.87759714322622,0.0,0.0,216.0,1.2372597930327798,0.09491634113444174,3.0,27.46715635000369,0.0,0.0
6/1,0.05,18,0.06006601303480737,3869,0.02612104433443769,2.6943185266499987,0.01583450823622245,3.711347862107857,0.7744371487389339,6.180641856070389,0.7586026405027114,8.159653675311953,1105.4285714285713,,,,,,,,3685.0,0.024395921048495486,0.13845488003908066,3.0,38.38903581522613,0.0,0.0,184.0,0.7744371487389339,0.07894775128166569,2.0,27.204175942250824,0.0,0.0
6/1,0.05,19,0.07079937318787087,3856,0.028303033887352634,2.696476335510782,0.023785718495347004,3.664625522571373,0.8197550903302826,6.291725751671842,0.7959693718349355,10.519115445022742,1101.7142857142858,,,,,,,,3645.0,0.027444186269613292,0.13756017950551616,7.0,35.62087171584197,0.0,0.0,211.0,0.8197550903302826,0.09163379440817981,2.0,34.488985935678656,0.0,0.0
6/1,0.05,20,0.07848220523961909,3871,0.0250492388855961,2.693834677871206,0.03381821556670196,3.7044586968590636,1.067766366522267,6.536377461516734,1.042717127636671,10.525765671655714,1106.0,,,,,,,,3678.0,0.0265703392451789,0.13829333811614858,5.0,30.424962489720034,0.0,0.0,193.0,1.067766366522267,0.08376523343920093,3.0,27.780633150732562,0.0,0.0
6/1,0.05,21,0.08000826610506383,3865,0.029936587528273037,2.6982322877236253,0.027196532769739264,3.6668097267092046,0.9693787760325617,6.429054213020654,0.9421822432628225,12.38406509763424,1104.2857142857142,,,,,,,,3657.0,0.02942334237935435,0.13787446903213119,4.0,28.979179206586043,0.0,0.0,208.0,0.9693787760325617,0.09012797546773976,2.0,27.9502614303136,0.0,0.0
6/1,0.05,22,0.07973081400720028,3877,0.019383747054932832,2.682045761108955,0.0169383222321912,3.6641602513501215,1.252630940034396,6.705023078300548,1.2356926178022047,12.097633747536312,1107.7142857142858,,,,,,,,3686.0,0.018953840574971743,0.1382614683699011,4.0,30.474852442788837,0.0,0.0,191.0,1.252630940034396,0.08265134114355788,3.0,35.23929810306757,0.0,0.0
6/1,0.05,23,0.06958102061169198,3877,0.025284955005050503,2.686466795098906,0.029872610502653038,3.667053279900816,0.8916540019738151,6.448673205740726,0.8663690469687646,10.117892032698997,1107.4285714285713,,,,,,,,3682.0,0.02604374973564256,0.13746944103846942,4.0,33.411621673879296,0.0,0.0,195.0,0.8916540019738151,0.08600148767734508,2.0,21.83631028072697,0.0,0.0
6/1,0.05,24,0.05556244146313149,3865,0.023659386402955108,2.690492910384559,0.03256930937567657,3.722959867123262,0.6345969891319522,6.179401669868272,0.6109376027289971,8.456703357112026,1104.2857142857142,,,,,,,,3673.0,0.025294368184499965,0.13869255257067115,6.0,32.952041570013776,0.0,0.0,192.0,0.6345969891319522,0.0844922618016963,2.0,27.951007896170005,0.0,0.0
6/1,0.05,25,0.04670322508625017,3888,0.02055915786413787,2.6784193867227155,0.015943266338212775,3.6547093148697587,0.5806949684174445,6.0269641682314345,0.5647517020792318,7.039361411732345,1110.857142857143,,,,,,,,3701.0,0.01972228587983748,0.13882180571436709,4.0,33.08730399147615,0.0,0.0,187.0,0.5806949684174445,0.08082955082263574,2.0,22.68760979242,0.0,0.0
6/1,0.05,26,0.08757699916897439,3895,0.022078664988440657,2.6911454639743275,0.014882867081323022,3.6486138139749746,1.2303860346391302,6.801352525151643,1.2155031675578072,13.533855779410949,1112.857142857143,,,,,,,,3680.0,0.02080962345536475,0.1382041382574106,5.0,29.52120328698673,0.0,0.0,215.0,1.2303860346391302,0.09506014249684078,3.0,30.249282113365037,0.0,0.0
6/1,0.05,27,0.052946898821331086,3893,0.01794405670186771,2.679156975507491,0.016368601299686373,3.700133525728223,0.7640773986969036,6.201151781958571,0.7477087973972172,7.948402374558449,1112.0,,,,,,,,3709.0,0.017668383863901765,0.13931681288307826,4.0,34.24530796330206,0.0,0.0,184.0,0.7640773986969036,0.07939854654921787,2.0,22.14512042954466,0.0,0.0
6/1,0.05,28,0.06044597423919246,3882,0.021347790387326943,2.692666818377633,0.022587706197633495,3.6827222796196004,0.7687705825422487,6.240192338550636,0.7474227921549218,9.674871533346685,1109.142857142857,,,,,,,,3680.0,0.021565112587774694,0.13846878372761545,4.0,34.205159873757765,0.0,0.0,202.0,0.7687705825422487,0.08771644402489645,2.0,26.90229281530184,0.0,0.0
6/1,0.05,29,0.05081784494467301,3870,0.023210601000520574,2.696090025891737,0.01788315736485375,3.7399400422536844,0.6158644486337984,6.252377174976361,0.5979812912689446,7.474277741026682,1105.7142857142858,,,,,,,,3684.0,0.022289433357762765,0.1390901302026153,5.0,36.77477155080157,0.0,0.0,186.0,0.6158644486337984,0.08320566405553326,2.0,24.33675664436982,0.0,0.0
5/2,0.05,0,0.0940501393941193,3875,0.09712236581997308,2.766092824452604,0.08952814690138568,3.770031844333434,0.06493718363646737,5.58160745976811,0.0321851821835057,6.69313879410153,1107.142857142857,,,,,,,,3654.0,0.09581093940026081,0.1649316750718423,7.0,53.78878365861536,0.0,0.0,221.0,0.06493718363646737,0.048380322659725944,2.0,4.36349443426503,0.0,0.0
5/2,0.05,1,0.07993875998986609,3902,0.08385874698878745,2.749813616475372,0.08417711038022468,3.7294462709167697,0.0,5.503081328660683,0.08417711038022468,5.400400367542458,1114.857142857143,,,,,,,,3717.0,0.08391741767028718,0.1679394371309657,8.0,54.09478912480039,0.0,0.0,185.0,0.0,0.040399604992151686,0.0,0.0,0.0,0.0
5/2,0.05,2,0.06236135599119698,3889,0.062782711763202,2.7258401150746616,0.06767740434245517,3.726549450046632,0.040336490011051496,5.522064820622186,0.027340914331403676,5.090436760355764,1111.142857142857,,,,,,,,3676.0,0.06363755197970922,0.16553511134903237,4.0,49.32410942705549,0.0,0.0,213.0,0.040336490011051496,0.046333656127784645,1.0,4.9171524224214656,0.0,0.0
5/2,0.05,3,0.061896483485343164,3880,0.0630977385759061,2.7388961644130014,0.06468370399775174,3.756686663543757,0.02998888516907095,5.556941489794688,0.034694818828680786,5.064437024277814,1108.5714285714287,,,,,,,,3709.0,0.06336755366924247,0.1677104987650807,6.0,50.41289900303922,0.0,0.0,171.0,0.02998888516907095,0.03750432124567387,1.0,1.5216096755119066,0.0,0.0
5/2,0.05,4,0.0876131627241769,3890,0.08980041940700859,2.75608560126585,0.0894550411689672,3.7664948063301695,0.046412769953444434,5.602694052854458,0.04338764945356415,5.496133661564909,1111.4285714285713,,,,,,,,3699.0,0.08974056878506088,0.16683305675543939,6.0,51.55640198071422,0.0,0.0,191.0,0.046412769953444434,0.042113084326750067,1.0,3.1306268327007625,0.0,0.0
5/2,0.05,5,0.07899549998110154,3880,0.08279650542054712,2.754990905934085,0.07100487920504905,3.7146426217630872,0.04546398934810167,5.647857231073054,0.03733251607244545,5.6599784034765666,1108.5714285714287,,,,,,,,3689.0,0.08073161235055207,0.16643297686436798,6.0,51.069598111380785,0.0,0.0,191.0,0.04546398934810167,0.04246258369720088,1.0,3.88185780488159,0.0,0.0
5/2,0.05,6,0.06382781327178351,3906,0.06680273100354985,2.7304734823283883,0.0620342691807226,3.7016174188046427,0.025229013641709853,5.456259145498653,0.04157371736183999,4.757617544441185,1116.0,,,,,,,,3703.0,0.065943815519935,0.1668969263781171,5.0,52.20565335983339,0.0,0.0,203.0,0.025229013641709853,0.04374996495107002,1.0,1.2148050434944149,0.0,0.0
5/2,0.05,7,0.07848943140430802,3876,0.08382013986813944,2.755683827087441,0.0616514866994814,3.7148448820213185,0.0476900529444994,5.450052414119523,0.03613008692364004,6.237236388037308,1107.4285714285713,,,,,,,,3687.0,0.08006824413251627,0.16608747861323106,5.0,51.29191068298154,0.0,0.0,189.0,0.0476900529444994,0.04051771770881289,1.0,5.8065334620245475,0.0,0.0
5/2,0.05,8,0.06255388539027977,3867,0.06435628592555453,2.734048457558692,0.05831148018264822,3.740562635551559,0.046980386094378324,5.490063623317338,0.01737589983117621,4.771166725055237,1104.857142857143,,,,,,,,3684.0,0.06332748755400126,0.16619080068410846,5.0,55.39959607514244,0.0,0.0,183.0,0.046980386094378324,0.03952715207983355,1.0,2.564292946590023,0.0,0.0
5/2,0.05,9,0.05936598527073075,3871,0.06165964951512111,2.7275603555550663,0.049764011479968236,3.7265195072866906,0.05639558960947937,5.481955834696295,0.011895638035152874,4.9444222600470615,1106.0,,,,,,,,3669.0,0.05952952299860559,0.16579875059265603,5.0,58.79702807428143,0.0,0.0,202.0,0.05639558960947937,0.043490601964584985,1.0,3.09071575213874,0.0,0.0
5/2,0.05,10,0.08864887598564736,3878,0.08846127639395521,2.747468118623676,0.0884445290047986,3.771438396489099,0.09234510846046856,5.50999575985022,0.0039005794556699613,6.211959707016513,1108.0,,,,,,,,3688.0,0.08845845186140222,0.16576725656907157,6.0,50.10991016408517,0.0,0.0,190.0,0.09234510846046856,0.04084736602238318,2.0,3.35795102424908,0.0,0.0
5/2,0.05,11,0.0909251481879657,3871,0.0922498891124792,2.754139017022797,0.08828965370561699,3.726888376667519,0.07952129203917493,5.641293993973737,0.01272859707330426,6.967866062909237,1106.0,,,,,,,,3666.0,0.09156284336267985,0.16475671183130194,5.0,52.22124261069514,0.0,0.0,205.0,0.07952129203917493,0.045244579519705494,2.0,5.690212016523298,0.0,0.0
5/2,0.05,12,0.062237706893817225,3876,0.06071416549389254,2.7325772498637115,0.07652102114195394,3.7686732752826178,0.0386164839316668,5.450058550376685,0.037904537210287144,5.391399435597206,1107.7142857142858,,,,,,,,3684.0,0.06346878040324526,0.16666725893777315,4.0,45.56242495999943,0.0,0.0,192.0,0.0386164839316668,0.041230034791962335,2.0,2.822196278861436,0.0,0.0
5/2,0.05,13,0.07471026875540714,3883,0.0713731957881979,2.732464468606284,0.10030364068014416,3.763182029500124,0.034580342225450235,5.533457207530264,0.06572329845469393,5.721263431532744,1109.4285714285713,,,,,,,,3706.0,0.07662688963932575,0.16724138073227163,5.0,48.46388548405499,0.0,0.0,177.0,0.034580342225450235,0.03862306369678356,1.0,4.8903981036342765,0.0,0.0
5/2,0.05,14,0.07733909479962375,3857,0.07661457801655674,2.7519601875937783,0.08939373451645899,3.746976112792254,0.04957591360157711,5.557997046969946,0.03981782091488188,6.051103791233436,1102.0,,,,,,,,3647.0,0.07893774246937692,0.1652096573932583,6.0,53.2727143285524,0.0,0.0,210.0,0.04957591360157711,0.04590350944473649,1.0,5.399524989088054,0.0,0.0
5/2,0.05,15,0.0808992888498772,3865,0.0850864161721469,2.754009498402039,0.07020115600403719,3.737693577797922,0.051785360530709965,5.581583403571126,0.03330105564143694,5.751570631085133,1104.2857142857142,,,,,,,,3666.0,0.0824796684831326,0.16548180215007718,5.0,56.87832050571912,0.0,0.0,199.0,0.051785360530709965,0.04366784962559731,2.0,1.9338146104597451,0.0,0.0
5/2,0.05,16,0.07244178745941939,3875,0.07465774773761263,2.7267816750150606,0.07604318945841428,3.732185726532779,0.020846623329258695,5.574308400421998,0.05519656612915558,5.545053405177184,1107.142857142857,,,,,,,,3699.0,0.07489670740721832,0.16588524254047154,7.0,52.571694236976484,0.0,0.0,176.0,0.020846623329258695,0.03878608225271104,1.0,4.314239499186197,0.0,0.0
5/2,0.05,17,0.07521037556472346,3881,0.0757378237500303,2.746354280389702,0.08220244428758025,3.7213881762044787,0.04731592001185921,5.5841024861876125,0.03488652427572104,5.428434600213548,1108.857142857143,,,,,,,,3665.0,0.0768543598483302,0.1650938676957914,6.0,52.954770834775566,0.0,0.0,216.0,0.04731592001185921,0.04745817056722087,1.0,4.016450348809721,0.0,0.0
5/2,0.05,18,0.08114797146860585,3869,0.08549780748636432,2.753695289801925,0.07310944093873682,3.7686227948103723,0.03564180190878984,5.4418465092402455,0.049856005577574476,5.431631339572118,1105.4285714285713,,,,,,,,3685.0,0.08342019268950304,0.1661458560468968,6.0,50.59231669868687,0.0,0.0,184.0,0.03564180190878984,0.039473875640832844,1.0,2.1778049788214013,0.0,0.0
5/2,0.05,19,0.09094738539257236,3856,0.0932022946954875,2.7613755963189166,0.08894449739991392,3.7297843014759398,0.06597823428691735,5.537948895628476,0.027224060408570158,6.020893566018954,1101.7142857142858,,,,,,,,3645.0,0.09239278755534142,0.1650722154066194,8.0,51.99195101444089,0.0,0.0,211.0,0.06597823428691735,0.04581689720408991,1.0,6.207223771939189,0.0,0.0
5/2,0.05,20,0.08505327092320542,3871,0.08470579410693435,2.7534912330925443,0.08473498890316264,3.755375470195525,0.09157862558772013,5.560189720582187,0.006872831480785782,5.692503148571602,1106.0,,,,,,,,3678.0,0.08471085834836818,0.16595200573937827,6.0,52.25057331168164,0.0,0.0,193.0,0.09157862558772013,0.04188261671960047,1.0,6.258520260312296,0.0,0.0
5/2,0.05,21,0.0992001146241571,3865,0.10192234456383015,2.770218044759183,0.10538401511376454,3.7449972090532295,0.039938387623727485,5.49961382461182,0.06544562749003704,6.752816520477692,1104.2857142857142,,,,,,,,3657.0,0.10257075701302486,0.16544936283855743,8.0,55.55893737250036,0.0,0.0,208.0,0.039938387623727485,0.04506398773386985,1.0,3.9411585091840187,0.0,0.0
5/2,0.05,22,0.06572711228390024,3877,0.06595036615373377,2.728612380207756,0.06705326387881216,3.714275192996742,0.057676895058469804,5.510069033324621,0.00937636882034236,5.017145235379114,1107.7142857142858,,,,,,,,3686.0,0.0661442559328577,0.16591376204388128,5.0,50.741734562081014,0.0,0.0,191.0,0.057676895058469804,0.04132567057177894,1.0,5.601449801467897,0.0,0.0
5/2,0.05,23,0.08239910464296148,3877,0.08080464608495097,2.741986486178807,0.09304197117310685,3.7302226405712697,0.07428764531941152,5.631306849086323,0.018754325853695325,6.1649525265403975,1107.4285714285713,,,,,,,,3682.0,0.08282869034858133,0.1649633292461633,5.0,47.68038043050043,0.0,0.0,195.0,0.07428764531941152,0.04300074383867254,1.0,4.422062901485123,0.0,0.0
5/2,0.05,24,0.07760427466816731,3865,0.08190200132517168,2.7487355253067762,0.07920044707462912,3.7695910048222143,0.004871449426962234,5.549676130163282,0.07703055189820945,5.337233477065506,1104.2857142857142,,,,,,,,3673.0,0.08140626281037025,0.16643106308480538,7.0,55.89568612744939,0.0,0.0,192.0,0.004871449426962234,0.04224613090084815,1.0,1.7337552776783782,0.0,0.0
5/2,0.05,25,0.07378010474298348,3888,0.0785734696951023,2.7364336985536792,0.07080603398750722,3.7095720825190535,0.006783878390066812,5.453053078204056,0.07178959130503548,5.511623610046846,1110.857142857143,,,,,,,,3701.0,0.07716521534227974,0.1665861668572405,5.0,57.62529306621073,0.0,0.0,187.0,0.006783878390066812,0.04041477541131787,1.0,0.22976453785568432,0.0,0.0
5/2,0.05,26,0.08455329834916696,3895,0.08103306614299016,2.750099865128877,0.08092808356184045,3.714659030455491,0.14512347608822174,5.716089966600735,0.06419539252638129,6.957421761390947,1112.857142857143,,,,,,,,3680.0,0.0810145515519124,0.1658449659088927,6.0,52.586009870914296,0.0,0.0,215.0,0.14512347608822174,0.04753007124842039,2.0,8.158190202668496,0.0,0.0
5/2,0.05,27,0.07423020348252872,3893,0.0738887936534356,2.7351017124590595,0.07988220401465344,3.76364712844319,0.0599724085459852,5.497046791807652,0.019909795468668244,6.158184897088802,1112.0,,,,,,,,3709.0,0.07493751927339526,0.1671801754596939,5.0,49.34425939813127,0.0,0.0,184.0,0.0599724085459852,0.03969927327460893,1.0,4.3078464594662,0.0,0.0
5/2,0.05,28,0.08059363635154895,3882,0.07967101306367652,2.7509900410539827,0.09800714926956597,3.758141722691533,0.038853269255370006,5.510275025263757,0.05915388001419596,6.23789615690808,1109.142857142857,,,,,,,,3680.0,0.0828848195454153,0.16616254047313855,5.0,50.618914593554145,0.0,0.0,202.0,0.038853269255370006,0.043858222012448225,1.0,5.037806653466498,0.0,0.0
5/2,0.05,29,0.08026926036113852,3870,0.08664295995806219,2.759522384849279,0.06940680167782251,3.791463686566653,0.0130580964334283,5.649570822775988,0.07358486352463389,6.03295012720439,1105.7142857142858,,,,,,,,3684.0,0.08366265788843334,0.16690815624313837,7.0,58.031365468961624,0.0,0.0,186.0,0.0130580964334283,0.04160283202776663,1.0,2.545007422521123,0.0,0.0
4/3,0.05,0,0.307925412668895,3875,0.32580322446936555,2.994773683101996,0.3291352741025087,4.0096389715345575,0.00282112471671086,5.519491400848353,0.32631414938579784,26.098912012979028,1107.142857142857,,,,,,,,3654.0,0.3263786276764026,0.2061645938398029,8.0,68.95337701123782,0.0,0.0,221.0,0.00282112471671086,0.0322535484398173,1.0,1.2156118344030171,0.0,0.0
4/3,0.05,1,0.2964659334505273,3902,0.3082492858485753,2.97420415533516,0.3243769892424483,3.969646149778993,0.0,5.503081328660683,0.3243769892424483,27.91974786394403,1114.857142857143,,,,,,,,3717.0,0.31122143457733586,0.20992429641370716,9.0,66.03264689114363,0.0,0.0,185.0,0.0,0.02693306999476779,0.0,0.0,0.0,0.0
4/3,0.05,2,0.246983329905577,3889,0.2642713986461598,2.9273288019576187,0.2472254618541125,3.9060975075582895,0.0,5.481728330611134,0.2642713986461598,24.977843301765702,1111.142857142857,,,,,,,,3676.0,0.26129438792241266,0.20691888918629048,7.0,66.21526088488011,0.0,0.0,213.0,0.0,0.030889104085189762,0.0,0.0,0.0,0.0
4/3,0.05,3,0.26143909301868606,3880,0.26959753797932284,2.9453959638164178,0.2924920111127513,3.9844949706587567,0.0,5.526952604625617,0.2924920111127513,25.852622236961466,1108.5714285714287,,,,,,,,3709.0,0.27349249957198757,0.2096381234563509,7.0,74.00460474127613,0.0,0.0,171.0,0.0,0.02500288083044925,0.0,0.0,0.0,0.0
4/3,0.05,4,0.27803650140866376,3890,0.28977789700943046,2.9560630788682722,0.30486923779229885,3.9819090029535014,0.0,5.556281282901014,0.30486923779229885,24.63094976781702,1111.4285714285713,,,,,,,,3699.0,0.2923930766368483,0.20854132094429928,9.0,69.88491079440175,0.0,0.0,191.0,0.0,0.02807538955116671,0.0,0.0,0.0,0.0
4/3,0.05,5,0.28059832103991067,3880,0.30199030609244315,2.9741847066059814,0.2627940931819644,3.906431835740003,0.0,5.602393241724953,0.30199030609244315,26.855304402823652,1108.5714285714287,,,,,,,,3689.0,0.2951264531403777,0.20804122108045997,8.0,70.38957690023148,0.0,0.0,191.0,0.0,0.028308389131467254,0.0,0.0,0.0,0.0
4/3,0.05,6,0.2300042504901812,3906,0.24570585920151528,2.9093766105263534,0.22853615274190012,3.8681193023658205,0.0,5.431030131856944,0.24570585920151528,22.436959408881684,1116.0,,,,,,,,3703.0,0.24261317915599453,0.20862115797264638,7.0,69.05128819093771,0.0,0.0,203.0,0.0,0.029166643300713342,0.0,0.0,0.0,0.0
4/3,0.05,7,0.31857531998923694,3876,0.3453752001400498,3.0172388873593516,0.28351554847645805,3.936708943798294,0.0,5.402362361175024,0.3453752001400498,27.38477975445584,1107.4285714285713,,,,,,,,3687.0,0.3349058693458862,0.20760934826653882,9.0,68.36829435304551,0.0,0.0,189.0,0.0,0.027011811805875263,0.0,0.0,0.0,0.0
4/3,0.05,8,0.23739759797276389,3867,0.25424138912885386,2.923933560761991,0.22456233619421304,3.906813491563124,0.0,5.44308323722296,0.25424138912885386,24.815088119491502,1104.857142857143,,,,,,,,3684.0,0.24919014966359335,0.20773850085513557,7.0,72.66515229310725,0.0,0.0,183.0,0.0,0.026351434719889034,0.0,0.0,0.0,0.0
4/3,0.05,9,0.23907914678351974,3871,0.2538160321944663,2.919716738234411,0.24502509623937957,3.921780592046102,0.0,5.425560245086816,0.2538160321944663,26.080503670636688,1106.0,,,,,,,,3669.0,0.2522418580536944,0.20724843824082004,7.0,72.33390904932368,0.0,0.0,202.0,0.0,0.028993734643056657,0.0,0.0,0.0,0.0
4/3,0.05,10,0.2968633016799494,3878,0.3144676344760815,2.973474476705802,0.29935131399899584,3.9823451814832964,0.004639996335802272,5.422290647725554,0.30982763814027925,25.911207475290205,1108.0,,,,,,,,3688.0,0.3119181899704559,0.20720907071133945,11.0,66.67502208203763,0.0,0.0,190.0,0.004639996335802272,0.027231577348255456,1.0,0.3536617832215737,0.0,0.0
4/3,0.05,11,0.3105184521227676,3871,0.3263054289687041,2.988194556879021,0.3349781327095587,3.9735768556714604,0.001294565798929309,5.563067267733492,0.3336835669106294,26.713701800991245,1106.0,,,,,,,,3666.0,0.327810022416381,0.20594588978912748,8.0,67.55744059965666,0.0,0.0,205.0,0.001294565798929309,0.030163053013136997,1.0,2.336614234168967,0.0,0.0
4/3,0.05,12,0.2592384495782897,3876,0.2668132945168029,2.9386763788866226,0.30042014815856594,3.9925724022992295,0.001523195455921685,5.41296526190094,0.29889695270264427,26.350217054088173,1107.7142857142858,,,,,,,,3684.0,0.272669863473918,0.2083340736722164,6.0,73.6269206330178,0.0,0.0,192.0,0.001523195455921685,0.02748668986130822,1.0,0.7260579143247872,0.0,0.0
4/3,0.05,13,0.3019351273870198,3883,0.31554006346552954,2.976631336283616,0.32003133306515114,3.9829097218851306,0.0,5.498876865304815,0.32003133306515114,27.36512029201991,1109.4285714285713,,,,,,,,3706.0,0.31635566639066315,0.20905172591533958,9.0,66.46356527361269,0.0,0.0,177.0,0.0,0.02574870913118904,0.0,0.0,0.0,0.0
4/3,0.05,14,0.27856001583327383,3857,0.291496658559733,2.966842268136954,0.30856704664659707,3.966149424922392,0.0,5.508421133368369,0.30856704664659707,26.281190499282484,1102.0,,,,,,,,3647.0,0.29459993996954675,0.20651207174157288,9.0,73.15931265372456,0.0,0.0,210.0,0.0,0.03060233962982433,0.0,0.0,0.0,0.0
4/3,0.05,15,0.3155399189275166,3865,0.33309372135396637,3.002016803583859,0.3269189971029606,3.9944114188968456,0.012082297187722114,5.541880340228138,0.32101142416624423,27.6169663753033,1104.2857142857142,,,,,,,,3666.0,0.332012386665165,0.20685225268759647,7.0,72.14307350464141,0.0,0.0,199.0,0.012082297187722114,0.02911189975039821,1.0,1.1228893814893057,0.0,0.0
4/3,0.05,16,0.2615282422234637,3875,0.2713130019687617,2.92343692924621,0.2867285886983421,3.9428711257727067,0.0,5.553461777092739,0.2867285886983421,26.489133923415196,1107.142857142857,,,,,,,,3699.0,0.2739718676982757,0.20735655317558946,8.0,68.72877926097158,0.0,0.0,176.0,0.0,0.02585738816847403,0.0,0.0,0.0,0.0
4/3,0.05,17,0.2750318075117733,3881,0.28828281945206813,2.958899276091739,0.30541064198186685,3.944596373898766,0.0,5.536786566175754,0.30541064198186685,25.839946115700467,1108.857142857143,,,,,,,,3665.0,0.2912410491004617,0.20636733461973925,8.0,64.96629102093804,0.0,0.0,216.0,0.0,0.03163878037814725,0.0,0.0,0.0,0.0
4/3,0.05,18,0.27359458177353907,3869,0.2929521658429602,2.9611496481585204,0.2589856702936307,3.954499024165266,0.0,5.406204707331455,0.2929521658429602,25.4561248861259,1105.4285714285713,,,,,,,,3685.0,0.28725574949303195,0.207682320058621,10.0,69.3444333423404,0.0,0.0,184.0,0.0,0.02631591709388856,0.0,0.0,0.0,0.0
4/3,0.05,19,0.2988826456136442,3856,0.31450002194935367,2.982673323572783,0.32335846564461745,3.9641982697206437,0.0,5.471970661341559,0.32335846564461745,26.608279538909446,1101.7142857142858,,,,,,,,3645.0,0.31618421988647794,0.20634026925827426,9.0,69.2534568444339,0.0,0.0,211.0,0.0,0.030544598136059937,0.0,0.0,0.0,0.0
4/3,0.05,20,0.29554551412306285,3871,0.3152333198128228,2.984018758798433,0.29114011432507053,3.961780595617433,0.0,5.4686110949944675,0.3152333198128228,25.997490600541063,1106.0,,,,,,,,3678.0,0.31105401989406645,0.2074400071742228,9.0,68.43270455596331,0.0,0.0,193.0,0.0,0.027921744479733644,0.0,0.0,0.0,0.0
4/3,0.05,21,0.36360056601661384,3865,0.3853439704799571,3.05363967067531,0.37966993779237934,4.019283131731845,0.0,5.459675436988093,0.3853439704799571,29.057458031259497,1104.2857142857142,,,,,,,,3657.0,0.3842811560443567,0.20681170354819678,10.0,70.92314344555726,0.0,0.0,208.0,0.0,0.030042658489246563,0.0,0.0,0.0,0.0
4/3,0.05,22,0.25562391251670474,3877,0.2672455320954609,2.929907546149483,0.2764845406192189,3.923706469737149,0.0,5.452392138266151,0.2764845406192189,25.85264581162464,1107.7142857142858,,,,,,,,3686.0,0.26886975280175374,0.20739220255485163,6.0,69.6440057614252,0.0,0.0,191.0,0.0,0.027550447047852623,0.0,0.0,0.0,0.0
4/3,0.05,23,0.267991590561686,3877,0.28481702582356366,2.94599886591742,0.268900946226347,3.9060816156245095,0.0,5.55701920376691,0.28481702582356366,25.039319960635886,1107.4285714285713,,,,,,,,3682.0,0.2821845183616666,0.20620416155770413,7.0,67.54989338493478,0.0,0.0,195.0,0.0,0.028667162559115028,0.0,0.0,0.0,0.0
4/3,0.05,24,0.3048122033519849,3865,0.321252162861297,2.988085686842901,0.31849247705399386,4.008883034801579,0.0,5.54480468073632,0.321252162861297,26.43292194259173,1104.2857142857142,,,,,,,,3673.0,0.32074575713460973,0.20803882885600672,8.0,74.28853378072024,0.0,0.0,192.0,0.0,0.028164087267232102,0.0,0.0,0.0,0.0
4/3,0.05,25,0.2976081877672132,3888,0.3120081794877861,2.9698684083463633,0.31552287658857375,3.9542889251201196,0.0,5.446269199813989,0.31552287658857375,27.196790993364527,1110.857142857143,,,,,,,,3701.0,0.31264540233421373,0.2082327085715506,9.0,69.09402697944172,0.0,0.0,187.0,0.0,0.02694318360754525,0.0,0.0,0.0,0.0
4/3,0.05,26,0.29498195307988767,3895,0.3117828259892553,2.980849624975143,0.3105770111970435,3.944307958090695,0.011053401887667945,5.58201989240018,0.3007294241015873,28.536587587988073,1112.857142857143,,,,,,,,3680.0,0.3115701700653027,0.20730620738611588,7.0,69.02954632327803,0.0,0.0,215.0,0.011053401887667945,0.0316867141656136,1.0,1.43208256887157,0.0,0.0
4/3,0.05,27,0.31243706847593455,3893,0.3186793666833203,2.9798922854889445,0.3715849699936101,4.055349894422147,0.0,5.437074383261667,0.3715849699936101,27.652402257660086,1112.0,,,,,,,,3709.0,0.32793677745398037,0.20897521932461738,8.0,65.396719486991,0.0,0.0,184.0,0.0,0.026466182183072624,0.0,0.0,0.0,0.0
4/3,0.05,28,0.2996539869380996,3882,0.3081204036174403,2.979439431607747,0.3536610113407306,4.013795584762698,0.0,5.471421756008387,0.3536610113407306,26.862999977838403,1109.142857142857,,,,,,,,3680.0,0.3161023851341583,0.2077031755914232,8.0,70.48338630025728,0.0,0.0,202.0,0.0,0.029238814674965485,0.0,0.0,0.0,0.0
4/3,0.05,29,0.2974804878745748,3870,0.31657875804470914,2.9894581829359255,0.2929890303177016,4.0150459152065325,0.0,5.636512726342561,0.31657875804470914,28.524890146623648,1105.7142857142858,,,,,,,,3684.0,0.31249986104088073,0.20863519530392297,9.0,72.4087666689585,0.0,0.0,186.0,0.0,0.02773522135184442,0.0,0.0,0.0,0.0
3/4,0.05,0,1.7087719273343704,3875,1.7888881112554926,4.457858569888122,1.9234270334315864,5.603930730863635,0.0,5.516670276131642,1.9234270334315864,108.39560874842809,1107.142857142857,,,,,,,,3654.0,1.8121212967763232,0.2748861251197372,14.0,85.11914282908128,0.0,0.0,221.0,0.0,0.024190161329862972,0.0,0.0,0.0,0.0
3/4,0.05,1,1.7402533743184927,3902,1.8266198849252782,4.492574754411863,1.8279666795581233,5.473235840094668,0.0,5.503081328660683,1.8279666795581233,118.14267686022589,1114.857142857143,,,,,,,,3717.0,1.8268680835595261,0.27989906188494285,18.0,83.42525211317421,0.0,0.0,185.0,0.0,0.020199802496075843,0.0,0.0,0.0,0.0
3/4,0.05,2,1.5094265487667395,3889,1.6110698628682325,4.274127266179692,1.5298658632579951,5.188737908962172,0.0,5.481728330611134,1.6110698628682325,112.32584182491127,1111.142857142857,,,,,,,,3676.0,1.5968878803465316,0.27589185224838736,15.0,83.59492259436323,0.0,0.0,213.0,0.0,0.023166828063892322,0.0,0.0,0.0,0.0
3/4,0.05,3,1.6204832577522026,3880,1.6731514255883564,4.348949851425451,1.8027178321990245,5.49472079174503,0.0,5.526952604625617,1.8027178321990245,116.53139242748111,1108.5714285714287,,,,,,,,3709.0,1.6951941332107159,0.27951749794180125,16.0,86.65711704881048,0.0,0.0,171.0,0.0,0.018752160622836935,0.0,0.0,0.0,0.0
3/4,0.05,4,1.5461600317656425,3890,1.626547060738466,4.292832242597307,1.6233722493449607,5.300412014506163,0.0,5.556281282901014,1.626547060738466,111.23372420483952,1111.4285714285713,,,,,,,,3699.0,1.6259968974231818,0.2780550945923991,15.0,84.3602488542903,0.0,0.0,191.0,0.0,0.021056542163375033,0.0,0.0,0.0,0.0
3/4,0.05,5,1.531516346639225,3880,1.623580816780264,4.2957752172938015,1.550660989934752,5.194298732492791,0.0,5.602393241724953,1.623580816780264,111.60445417371083,1108.5714285714287,,,,,,,,3689.0,1.6108114461805894,0.2773882947739466,17.0,82.88650070792804,0.0,0.0,191.0,0.0,0.02123129184860044,0.0,0.0,0.0,0.0
3/4,0.05,6,1.3464738406894878,3906,1.4294943394568542,4.093165090781693,1.3783838188037938,5.017966968427714,0.0,5.431030131856944,1.4294943394568542,105.0987490287853,1116.0,,,,,,,,3703.0,1.420288096606303,0.2781615439635285,15.0,81.1855609724537,0.0,0.0,203.0,0.0,0.02187498247553501,0.0,0.0,0.0,0.0
3/4,0.05,7,1.771780241034312,3876,1.8680981746026595,4.539961861821961,1.835633822822191,5.488827218144027,0.0,5.402362361175024,1.8680981746026595,108.96300136029227,1107.4285714285713,,,,,,,,3687.0,1.8626038009896917,0.2768124643553851,24.0,83.946224304328,0.0,0.0,189.0,0.0,0.020258858854406446,0.0,0.0,0.0,0.0
3/4,0.05,8,1.3920221253051903,3867,1.471389460666598,4.141081632299735,1.411342866502999,5.09359402187191,0.0,5.44308323722296,1.471389460666598,113.41005998710428,1104.857142857143,,,,,,,,3684.0,1.4611698041680703,0.27698466780684744,17.0,83.30430943692969,0.0,0.0,183.0,0.0,0.019763576039916776,0.0,0.0,0.0,0.0
3/4,0.05,9,1.3408144590256457,3871,1.411072484926371,4.076973190966316,1.430962627534315,5.107718123341038,0.0,5.425560245086816,1.430962627534315,111.42258890380927,1106.0,,,,,,,,3669.0,1.4146341703156922,0.27633125098776,13.0,83.08388526543202,0.0,0.0,202.0,0.0,0.021745300982292493,0.0,0.0,0.0,0.0
3/4,0.05,10,1.5927653415461047,3878,1.681880828036064,4.340887670265784,1.6400279353009994,5.323021802785299,0.0,5.417650651389752,1.681880828036064,112.97427076497773,1108.0,,,,,,,,3688.0,1.6748221243264083,0.2762787609484526,17.0,83.00645011976621,0.0,0.0,190.0,0.0,0.02042368301119159,0.0,0.0,0.0,0.0
3/4,0.05,11,1.498106169739766,3871,1.5827654726848959,4.244654600595212,1.5776566050745284,5.21625532803643,0.0,5.561772701934562,1.5827654726848959,110.01731901652903,1106.0,,,,,,,,3666.0,1.5818791552271234,0.2745945197188366,13.0,84.12870539321973,0.0,0.0,205.0,0.0,0.022622289759852747,0.0,0.0,0.0,0.0
3/4,0.05,12,1.6973143322790443,3876,1.7502025605128007,4.422065644882619,1.95432112590909,5.646473380049755,0.0,5.4114420664450185,1.95432112590909,117.93716072875938,1107.7142857142858,,,,,,,,3684.0,1.7857737111600367,0.27777876489628855,14.0,85.18574262281803,0.0,0.0,192.0,0.0,0.020615017395981167,0.0,0.0,0.0,0.0
3/4,0.05,13,1.6698744656338427,3883,1.7280167381429554,4.389108010961042,1.8470249379920176,5.509903326811998,0.0,5.498876865304815,1.8470249379920176,113.55187147856773,1109.4285714285713,,,,,,,,3706.0,1.7496283189574235,0.2787356345537861,17.0,82.54107761947907,0.0,0.0,177.0,0.0,0.01931153184839178,0.0,0.0,0.0,0.0
3/4,0.05,14,1.3888059279045175,3857,1.4792947338466953,4.1546403434239165,1.4214313395613654,5.07901371783716,0.0,5.508421133368369,1.4792947338466953,107.08986995327331,1102.0,,,,,,,,3647.0,1.4687755590698448,0.2753494289887638,14.0,81.31989897204086,0.0,0.0,210.0,0.0,0.022951754722368246,0.0,0.0,0.0,0.0
3/4,0.05,15,1.6167244740445965,3865,1.6985070188098634,4.367430101039756,1.7326399802201529,5.400132402014037,0.0,5.529798043040416,1.7326399802201529,112.6195138542149,1104.2857142857142,,,,,,,,3666.0,1.704484476863711,0.27580300358346194,19.0,86.52793245828002,0.0,0.0,199.0,0.0,0.021833924812798656,0.0,0.0,0.0,0.0
3/4,0.05,16,1.439926733420823,3875,1.496566186881265,4.148690114158713,1.5654028118528802,5.221545348927244,0.0,5.553461777092739,1.5654028118528802,112.62164231854304,1107.142857142857,,,,,,,,3699.0,1.5084390624508488,0.2764754042341192,11.0,82.48284404040281,0.0,0.0,176.0,0.0,0.01939304112635552,0.0,0.0,0.0,0.0
3/4,0.05,17,1.5542893444287895,3881,1.6425504056075448,4.313166862247217,1.661902236850009,5.3010879687669075,0.0,5.536786566175754,1.661902236850009,107.54586542219594,1108.857142857143,,,,,,,,3665.0,1.6458927546325053,0.27515644615965235,17.0,81.30240084127249,0.0,0.0,216.0,0.0,0.023729085283610434,0.0,0.0,0.0,0.0
3/4,0.05,18,1.4356897010118834,3869,1.4981151280141847,4.166312610329745,1.553340381222448,5.248853735094083,0.0,5.406204707331455,1.553340381222448,112.10826185182505,1105.4285714285713,,,,,,,,3685.0,1.5073767851329651,0.27690976007816137,14.0,85.40900580703482,0.0,0.0,184.0,0.0,0.019736937820416422,0.0,0.0,0.0,0.0
3/4,0.05,19,1.5755557227475356,3856,1.661653854552791,4.32982715617622,1.688514701695034,5.32935450577106,0.0,5.471970661341559,1.688514701695034,111.51140494491229,1101.7142857142858,,,,,,,,3645.0,1.6667607316637854,0.2751203590110323,13.0,85.29170944308967,0.0,0.0,211.0,0.0,0.022908448602044953,0.0,0.0,0.0,0.0
3/4,0.05,20,1.7615548370773293,3871,1.8397890645698303,4.50857450355544,1.9216614702728183,5.59230195156518,0.0,5.4686110949944675,1.9216614702728183,113.88510202436694,1106.0,,,,,,,,3678.0,1.853990966374753,0.27658667623229716,17.0,82.43203922317169,0.0,0.0,193.0,0.0,0.020941308359800234,0.0,0.0,0.0,0.0
3/4,0.05,21,1.7545163977727258,3865,1.8444746054971448,4.512770305692497,1.8969742333636062,5.536587427303072,0.0,5.459675436988093,1.8969742333636062,113.40800088007278,1104.2857142857142,,,,,,,,3657.0,1.8543084160217624,0.27574893806426237,17.0,85.61124324941497,0.0,0.0,208.0,0.0,0.022531993866934923,0.0,0.0,0.0,0.0
3/4,0.05,22,1.4160119151998845,3877,1.4748582898869858,4.137520303941008,1.5574980101131013,5.204719939231032,0.0,5.452392138266151,1.5574980101131013,110.99579325692842,1107.7142857142858,,,,,,,,3686.0,1.489386379606607,0.27652293673980216,15.0,82.42036270256239,0.0,0.0,191.0,0.0,0.02066283528588947,0.0,0.0,0.0,0.0
3/4,0.05,23,1.4153756160280622,3877,1.4775730685804627,4.138754908674318,1.5547277891511246,5.191908458549287,0.0,5.55701920376691,1.5547277891511246,105.92668976778832,1107.4285714285713,,,,,,,,3682.0,1.490334400690059,0.27493888207693884,16.0,81.40667086394207,0.0,0.0,195.0,0.0,0.02150037191933627,0.0,0.0,0.0,0.0
3/4,0.05,24,1.5230654916685242,3865,1.6137959604611825,4.280629484442787,1.5532255784506832,5.243616136198268,0.0,5.54480468073632,1.6137959604611825,106.77631139244012,1104.2857142857142,,,,,,,,3673.0,1.6026812211540555,0.27738510514134235,16.0,84.87731837299906,0.0,0.0,192.0,0.0,0.021123065450424076,0.0,0.0,0.0,0.0
3/4,0.05,25,1.5889562561746178,3888,1.6649695738956212,4.322829802754199,1.6885307229555624,5.3272967714871085,0.0,5.446269199813989,1.6885307229555624,111.6164386800447,1110.857142857143,,,,,,,,3701.0,1.669241265605759,0.2776436114287341,15.0,83.44377650761486,0.0,0.0,187.0,0.0,0.020207387705658934,0.0,0.0,0.0,0.0
3/4,0.05,26,1.751213700877069,3895,1.856596668737512,4.5256634677233984,1.8391877688332583,5.47291871572691,0.0,5.570966490512513,1.856596668737512,114.81508205007815,1112.857142857143,,,,,,,,3680.0,1.8535264578576585,0.2764082765148212,16.0,86.640866310258,0.0,0.0,215.0,0.0,0.023765035624210194,0.0,0.0,0.0,0.0
3/4,0.05,27,1.767637415549605,3893,1.8127148590802884,4.473927777885913,2.056248058472926,5.740012982901463,0.0,5.437074383261667,2.056248058472926,116.05838635456702,1112.0,,,,,,,,3709.0,1.855328244468755,0.2786336257661566,21.0,82.7884824125018,0.0,0.0,184.0,0.0,0.019849636637304467,0.0,0.0,0.0,0.0
3/4,0.05,28,1.430896027283648,3882,1.4913276189134947,4.162646646903801,1.5946652007948294,5.254799774216797,0.0,5.471421756008387,1.5946652007948294,106.35078993764144,1109.142857142857,,,,,,,,3680.0,1.50943977660737,0.27693756745523096,14.0,84.93912264470258,0.0,0.0,202.0,0.0,0.021929111006224113,0.0,0.0,0.0,0.0
3/4,0.05,29,1.760512842132003,3870,1.8650296347622306,4.5379090596534475,1.7746301443176375,5.496687029206469,0.0,5.636512726342561,1.8650296347622306,117.11695689178251,1105.7142857142858,,,,,,,,3684.0,1.8493986696663551,0.2781802604052306,20.0,85.04239337119323,0.0,0.0,186.0,0.0,0.020801416013883314,0.0,0.0,0.0,0.0
2/5,0.05,0,10.808583285812889,3875,11.352585342398335,14.021555801030967,11.987947293906142,15.66845099133819,0.0,5.516670276131642,11.987947293906142,340.47133063036625,1107.142857142857,,,,,,,,3654.0,11.462304387664188,0.4123291876796058,39.0,106.75431026411255,0.0,0.0,221.0,0.0,0.019352129063890378,0.0,0.0,0.0,0.0
2/5,0.05,1,11.677792855851935,3902,12.256154659617007,14.92210952910359,12.271659555584664,15.916928716121207,0.0,5.503081328660683,12.271659555584664,343.1206625115518,1114.857142857143,,,,,,,,3717.0,12.2590120321588,0.41984859282741416,40.0,107.21564407462294,0.0,0.0,185.0,0.0,0.016159841996860675,0.0,0.0,0.0,0.0
2/5,0.05,2,11.36559591534958,3889,12.157969271905309,14.821026675216768,11.39178153245142,15.0506535781556,0.0,5.481728330611134,12.157969271905309,342.1948295911563,1111.142857142857,,,,,,,,3676.0,12.024157376168258,0.41383777837258107,38.0,106.62422065965062,0.0,0.0,213.0,0.0,0.018533462451113855,0.0,0.0,0.0,0.0
2/5,0.05,3,11.761382234560063,3880,12.29821804496363,14.974016470800725,12.330028411560999,16.022031371107005,0.0,5.526952604625617,12.330028411560999,353.255839581734,1108.5714285714287,,,,,,,,3709.0,12.303629838256414,0.419276246912702,39.0,107.97820655199794,0.0,0.0,171.0,0.0,0.01500172849826955,0.0,0.0,0.0,0.0
2/5,0.05,4,11.327817800760172,3890,11.915130240093728,14.58141542195257,11.901315086974183,15.578354852135385,0.0,5.556281282901014,11.915130240093728,346.56434122031885,1111.4285714285713,,,,,,,,3699.0,11.912736211126544,0.41708264188859845,41.0,108.6082246944093,0.0,0.0,191.0,0.0,0.016845233730700026,0.0,0.0,0.0,0.0
2/5,0.05,5,11.635107959493512,3880,12.318642392553345,14.990836793066883,11.8554026041718,15.49904034672984,0.0,5.602393241724953,12.318642392553345,346.70155287713266,1108.5714285714287,,,,,,,,3689.0,12.237522060947361,0.4160824421609198,39.0,106.76147885372022,0.0,0.0,191.0,0.0,0.016985033478880352,0.0,0.0,0.0,0.0
2/5,0.05,6,11.062440493965182,3906,11.709183805582612,14.37285455690745,11.4854730669853,15.12505621660922,0.0,5.431030131856944,11.709183805582612,344.1675613786571,1116.0,,,,,,,,3703.0,11.668888082481233,0.41724231594529265,38.0,106.9505778227498,0.0,0.0,203.0,0.0,0.017499985980428005,0.0,0.0,0.0,0.0
2/5,0.05,7,11.347953284799212,3876,11.855250845772847,14.527114532992151,12.294925627050489,15.948119022372326,0.0,5.402362361175024,12.294925627050489,345.30904415445355,1107.4285714285713,,,,,,,,3687.0,11.92966285106638,0.4152186965330778,46.0,106.40197168473152,0.0,0.0,189.0,0.0,0.016207087083525158,0.0,0.0,0.0,0.0
2/5,0.05,8,11.566745424933826,3867,12.138563530209538,14.808255701842674,12.154730217493698,15.836981372862612,0.0,5.44308323722296,12.154730217493698,344.82260117455274,1104.857142857143,,,,,,,,3684.0,12.141315026660996,0.41547700171027113,37.0,106.63003097655665,0.0,0.0,183.0,0.0,0.01581086083193342,0.0,0.0,0.0,0.0
2/5,0.05,9,11.37276747898591,3871,12.083434131340608,14.749334837380552,11.611384029766432,15.288139525573158,0.0,5.425560245086816,12.083434131340608,352.79878307032703,1106.0,,,,,,,,3669.0,11.998905127052183,0.41449687648164,38.0,106.28256573603645,0.0,0.0,202.0,0.0,0.017396240785833992,0.0,0.0,0.0,0.0
2/5,0.05,10,11.480222504033042,3878,12.14387260670292,14.80287944893264,11.715738679242733,15.398732546727036,0.0,5.417650651389752,12.14387260670292,342.68783575041937,1108.0,,,,,,,,3688.0,12.071665637375308,0.4144181414226791,38.0,105.92797528828116,0.0,0.0,190.0,0.0,0.016338946408953274,0.0,0.0,0.0,0.0
2/5,0.05,11,11.235229548376461,3871,11.98129303395043,14.643182161860745,11.30228881901805,14.940887541979953,0.0,5.561772701934562,11.98129303395043,338.5255079233206,1106.0,,,,,,,,3666.0,11.863495248708478,0.4118917795782548,38.0,106.33923481298363,0.0,0.0,205.0,0.0,0.0180978318078822,0.0,0.0,0.0,0.0
2/5,0.05,12,11.947061648598975,3876,12.489602515187382,15.161465599557202,12.949283642943321,16.641435897083987,0.0,5.4114420664450185,12.949283642943321,343.7487346382129,1107.7142857142858,,,,,,,,3684.0,12.56970981269534,0.416668147344433,39.0,106.92853312999092,0.0,0.0,192.0,0.0,0.016492013916784933,0.0,0.0,0.0,0.0
2/5,0.05,13,11.727339688705777,3883,12.137891699907295,14.79898297272538,12.961418254718735,16.624296643538717,0.0,5.498876865304815,12.961418254718735,354.15410670427906,1109.4285714285713,,,,,,,,3706.0,12.287441989002843,0.4181034518306793,44.0,105.87498059479388,0.0,0.0,177.0,0.0,0.015449225478713425,0.0,0.0,0.0,0.0
2/5,0.05,14,11.01567381952082,3857,11.650237178162183,14.325582787739405,11.648787605212451,15.306369983488244,0.0,5.508421133368369,11.650237178162183,347.49878250288117,1102.0,,,,,,,,3647.0,11.649973655577682,0.41302414348314564,39.0,106.16305995073739,0.0,0.0,210.0,0.0,0.018361403777894598,0.0,0.0,0.0,0.0
2/5,0.05,15,11.072165942131816,3865,11.538285855960039,14.20720893818993,12.308636974947525,15.97612939674141,0.0,5.529798043040416,12.308636974947525,338.74770991106226,1104.2857142857142,,,,,,,,3666.0,11.673191862067503,0.41370450537519293,38.0,106.54710030878543,0.0,0.0,199.0,0.0,0.017467139850238927,0.0,0.0,0.0,0.0
2/5,0.05,16,11.383477263241586,3875,11.928180721606664,14.580304648884113,11.91036552699553,15.566508064069893,0.0,5.553461777092739,11.928180721606664,349.2684085554294,1107.142857142857,,,,,,,,3699.0,11.925107973793226,0.4147131063511788,38.0,106.0554381071124,0.0,0.0,176.0,0.0,0.015514432901084417,0.0,0.0,0.0,0.0
2/5,0.05,17,10.955518238495447,3881,11.46758261387602,14.138199070515693,12.241162398623588,15.880348130540485,0.0,5.536786566175754,12.241162398623588,343.4989067273378,1108.857142857143,,,,,,,,3665.0,11.60119134613938,0.4127346692394786,38.0,104.5982580628168,0.0,0.0,216.0,0.0,0.01898326822688835,0.0,0.0,0.0,0.0
2/5,0.05,18,10.97062237875516,3869,11.513152545852673,14.181350028168234,11.544496966462072,15.240010320333706,0.0,5.406204707331455,11.544496966462072,346.2416572921945,1105.4285714285713,,,,,,,,3685.0,11.51840922209056,0.41536464011724206,38.0,107.00758531278493,0.0,0.0,184.0,0.0,0.015789550256333138,0.0,0.0,0.0,0.0
2/5,0.05,19,11.422968236894578,3856,12.068467427138849,14.736640728762278,12.151298234562208,15.792138038638234,0.0,5.471970661341559,12.151298234562208,338.6980511338668,1101.7142857142858,,,,,,,,3645.0,12.084215506574894,0.41268053851654857,38.0,107.57686908046657,0.0,0.0,211.0,0.0,0.01832675888163596,0.0,0.0,0.0,0.0
2/5,0.05,20,11.191344199232415,3871,11.57574773519555,14.244533174181159,12.745172853031674,16.415813334324035,0.0,5.4686110949944675,12.745172853031674,340.4200506678382,1106.0,,,,,,,,3678.0,11.77860070560867,0.4148800143484456,38.0,106.9358110561342,0.0,0.0,193.0,0.0,0.016753046687840185,0.0,0.0,0.0,0.0
2/5,0.05,21,11.715719868813709,3865,12.360805333172353,15.029101033367702,12.474370573396728,16.11398376733619,0.0,5.459675436988093,12.474370573396728,341.72525638192,1104.2857142857142,,,,,,,,3657.0,12.382077465946127,0.41362340709639356,38.0,106.46364183439793,0.0,0.0,208.0,0.0,0.01802559509354794,0.0,0.0,0.0,0.0
2/5,0.05,22,11.350970823550615,3877,11.898867479948063,14.561529494002084,12.128016171023951,15.775238100141882,0.0,5.452392138266151,12.128016171023951,348.7390363066291,1107.7142857142858,,,,,,,,3686.0,11.93915189443997,0.4147844051097032,36.0,106.6170403880599,0.0,0.0,191.0,0.0,0.016530268228711575,0.0,0.0,0.0,0.0
2/5,0.05,23,10.94350146930898,3877,11.346027500426633,14.00720934052049,12.416441194909483,16.053621864307647,0.0,5.55701920376691,12.416441194909483,341.7395298190997,1107.4285714285713,,,,,,,,3682.0,11.523073111491287,0.41240832311540826,40.0,105.2462155668054,0.0,0.0,195.0,0.0,0.017200297535469016,0.0,0.0,0.0,0.0
2/5,0.05,24,11.191331235845405,3865,11.894977526534639,14.561811050516248,11.24845344876128,14.938844006508864,0.0,5.54480468073632,11.894977526534639,346.32400477109223,1104.2857142857142,,,,,,,,3673.0,11.776339566170023,0.41607765771201344,36.0,107.0239779881824,0.0,0.0,192.0,0.0,0.01689845236033926,0.0,0.0,0.0,0.0
2/5,0.05,25,11.267167997925219,3888,11.910793606736094,14.56865383559467,11.500811546233797,15.139577594765344,0.0,5.446269199813989,11.910793606736094,351.2744385692328,1110.857142857143,,,,,,,,3701.0,11.836462895415629,0.41646541714310104,36.0,106.00675728505959,0.0,0.0,187.0,0.0,0.016165910164527147,0.0,0.0,0.0,0.0
2/5,0.05,26,11.795812181524035,3895,12.521228409575532,15.190295208561418,12.315631953178244,15.949362900071895,0.0,5.570966490512513,12.521228409575532,336.7271700348574,1112.857142857143,,,,,,,,3680.0,12.484969686694598,0.41461241477223176,40.0,107.52997685225874,0.0,0.0,215.0,0.0,0.019012028499368155,0.0,0.0,0.0,0.0
2/5,0.05,27,12.492771317254013,3893,13.01713806131974,15.678350980125362,13.562274684794248,17.246039609222787,0.0,5.437074383261667,13.562274684794248,349.47994787529194,1112.0,,,,,,,,3709.0,13.112525947174404,0.41795043864923476,43.0,106.9495135723274,0.0,0.0,184.0,0.0,0.015879709309843573,0.0,0.0,0.0,0.0
2/5,0.05,28,10.761649648768799,3882,11.30505774270889,13.976376770699197,11.574997964959685,15.235132538381652,0.0,5.471421756008387,11.574997964959685,342.04464133753777,1109.142857142857,,,,,,,,3680.0,11.352370634924041,0.41540635118284636,40.0,106.91030559486818,0.0,0.0,202.0,0.0,0.017543288804979292,0.0,0.0,0.0,0.0
2/5,0.05,29,11.993753721353414,3870,12.725608812381312,15.398488237272526,11.995128493425227,15.717185378314058,0.0,5.636512726342561,12.725608812381312,349.2037469557761,1105.7142857142858,,,,,,,,3684.0,12.59930154767582,0.41727039060784593,40.0,107.69443295811895,0.0,0.0,186.0,0.0,0.01664113281110665,0.0,0.0,0.0,0.0
Undivided,0.1,0,0.020243471815586975,3875,0.019738765218497562,2.690637436397624,0.02586861538779939,3.6830963833548163,0.01564800566305142,5.549150937425998,0.010220609724747972,0.0,1107.142857142857,3875.0,0.020243471815586975,0.1373583309486582,5.0,28.465276107643255,0.0,0.0,,,,,,,,,,,,,,
Undivided,0.1,1,0.01928701620899975,3902,0.016664626221349847,2.6818185041752196,0.02470095196471543,3.6809653113349285,0.029750633122675414,5.510164835431688,0.013086006901325567,0.0,1114.857142857143,3902.0,0.01928701620899975,0.13744591823453667,6.0,25.238150847127237,0.0,0.0,,,,,,,,,,,,,,
Undivided,0.1,2,0.010850617820506907,3889,0.00948106064041351,2.6747356301568823,0.008738812009981837,3.657907572147442,0.023425605444527247,5.486523185253065,0.01468679343454541,0.0,1111.142857142857,3889.0,0.010850617820506907,0.13736732845651123,4.0,28.052014383529833,0.0,0.0,,,,,,,,,,,,,,
Undivided,0.1,3,0.00866018230953342,3880,0.00739782884986946,2.6857535414393405,0.009603866726054093,3.6611853178310776,0.017217358239389757,5.606740057445804,0.009819529389520297,0.0,1108.5714285714287,3880.0,0.00866018230953342,0.1364582810780615,4.0,18.634971812673975,0.0,0.0,,,,,,,,,,,,,,
Undivided,0.1,4,0.02334778464033044,3890,0.020632860288627014,2.686183571827289,0.021852008517912264,3.692502815673995,0.04851274058287267,5.61997140683351,0.02787988029424566,0.0,1111.4285714285713,3890.0,0.02334778464033044,0.1361451046094957,6.0,23.60653623889357,0.0,0.0,,,,,,,,,,,,,,
Undivided,0.1,5,0.014229251684168115,3880,0.014449010221316592,2.687997545696464,0.014938403124650054,3.674021260454391,0.011324451507254855,5.488960620856833,0.003613951617395198,0.0,1108.5714285714287,3880.0,0.014229251684168115,0.13630285738919434,4.0,26.99743754017799,0.0,0.0,,,,,,,,,,,,,,
Undivided,0.1,6,0.012767548889994897,3906,0.012752862605319234,2.677486654555336,0.017387634079537584,3.6561093131980096,0.005713683715318748,5.44359023489544,0.011673950364218836,0.0,1116.0,3906.0,0.012767548889994897,0.1377209130684034,4.0,24.445177253941367,0.0,0.0,,,,,,,,,,,,,,
Undivided,0.1,7,0.013036363374400773,3876,0.013677473375265805,2.6846157997572497,0.015059232807268338,3.6735365534976387,0.0051629999276753685,5.465310859621702,0.00989623287959297,0.0,1107.4285714285713,3876.0,0.013036363374400773,0.13597789122579065,4.0,28.759966166810685,0.0,0.0,,,,,,,,,,,,,,
Undivided,0.1,8,0.012780312137613558,3867,0.014438742881645697,2.6852125574797263,0.008553983207315015,3.6739243933755823,0.006391688601423084,5.508007893178337,0.008047054280222614,0.0,1104.857142857143,3867.0,0.012780312137613558,0.13563866749361486,4.0,26.49028177163484,0.0,0.0,,,,,,,,,,,,,,
Undivided,0.1,9,0.01021489093399168,3871,0.010780987789629309,2.675822020324647,0.007850824133914077,3.701189944182996,0.009637445011871665,5.448139528295442,0.0029301636557152316,0.0,1106.0,3871.0,0.01021489093399168,0.13711524116150084,4.0,25.825645913475757,0.0,0.0,,,,,,,,,,,,,,
Undivided,0.1,10,0.014536414766912737,3878,0.014824865138030082,2.6697924366109036,0.012573925335325385,3.7089359146606937,0.015430487442024222,5.518795170281556,0.0028565621066988373,0.0,1108.0,3878.0,0.014536414766912737,0.1361874941784207,4.0,25.634358968774354,0.0,0.0,,,,,,,,,,,,,,
Undivided,0.1,11,0.014588678861239988,3871,0.014910791817400558,2.67593764618731,0.013473539949864274,3.6445865897243217,0.013958987256201746,5.575524419412523,0.0014372518675362846,0.0,1106.0,3871.0,0.014588678861239988,0.13659799107246914,4.0,24.562258011800605,0.0,0.0,,,,,,,,,,,,,,
Undivided,0.1,12,0.008971438971394127,3876,0.008237106036258227,2.6803225277983365,0.010946451881558938,3.693534063820886,0.011199643107778441,5.498893042676191,0.0029625370715202146,0.0,1107.7142857142858,3876.0,0.008971438971394127,0.13706708324060005,3.0,20.187691343969643,0.0,0.0,,,,,,,,,,,,,,
Undivided,0.1,13,0.011024352440953207,3883,0.009022994103225879,2.672284277158688,0.023110951881889146,3.6727177441838803,0.004284973104571128,5.489620385227827,0.01882597877731802,0.0,1109.4285714285713,3883.0,0.011024352440953207,0.13589810180084988,5.0,23.883066567078554,0.0,0.0,,,,,,,,,,,,,,
Undivided,0.1,14,0.01036303401393153,3857,0.010121453416790424,2.6860919921333073,0.010428696914419973,3.6715889037267577,0.011894928765093427,5.503970617837354,0.0017734753483030028,0.0,1102.0,3857.0,0.01036303401393153,0.13742134758120733,4.0,24.383601719747112,0.0,0.0,,,,,,,,,,,,,,
Undivided,0.1,15,0.01420963446114059,3865,0.015028289547683534,2.6857562070524104,0.014700180547016033,3.6637088031420335,0.007594613097431875,5.5339414460220295,0.007433676450251659,0.0,1104.2857142857142,3865.0,0.01420963446114059,0.13642848137166855,4.0,28.799907797437967,0.0,0.0,,,,,,,,,,,,,,
Undivided,0.1,16,0.011578508518029095,3875,0.010878815557824103,2.6621380324344446,0.014807035737873777,3.675184340974361,0.011566671978608584,5.522378514423216,0.0039282201800496745,0.0,1107.142857142857,3875.0,0.011578508518029095,0.13535878690055086,6.0,25.003538508550818,0.0,0.0,,,,,,,,,,,,,,
Undivided,0.1,17,0.01545989908215159,3881,0.014866327686353684,2.6842790123317646,0.020597378834390976,3.68327611769624,0.012228104207571894,5.495681853544752,0.008369274626819082,0.0,1108.857142857143,3881.0,0.01545989908215159,0.13737896191730453,5.0,27.27904817129254,0.0,0.0,,,,,,,,,,,,,,
Undivided,0.1,18,0.018133059968260878,3869,0.018555615995294924,2.68485084578991,0.01633500549119581,3.7298770576051754,0.017811869233702444,5.460449099711435,0.0022206105040991145,0.0,1105.4285714285713,3869.0,0.018133059968260878,0.13532723046859577,4.0,28.166856950265984,0.0,0.0,,,,,,,,,,,,,,
Undivided,0.1,19,0.02031112986059755,3856,0.02165851135502435,2.690368078481193,0.01846533465995904,3.6522192716007287,0.01411191325811825,5.503089514729898,0.007546598096906099,0.0,1101.7142857142858,3856.0,0.02031112986059755,0.13700179902236417,6.0,28.604543986722906,0.0,0.0,,,,,,,,,,,,,,
Undivided,0.1,20,0.02482455603013296,3871,0.022838745647547058,2.690299735760027,0.031776743685866124,3.6957988985212147,0.028906489595928474,5.564827747848132,0.008937998038319066,0.0,1106.0,3871.0,0.02482455603013296,0.13638220785410043,4.0,27.999346128429245,0.0,0.0,,,,,,,,,,,,,,
Undivided,0.1,21,0.018495453481188796,3865,0.017292045807121556,2.6867602912688713,0.026007294866696683,3.65749920983752,0.0156444993153599,5.4855568942822375,0.010362795551336783,0.0,1104.2857142857142,3865.0,0.018495453481188796,0.13662894430756573,4.0,24.566707850896986,0.0,0.0,,,,,,,,,,,,,,
Undivided,0.1,22,0.014256276112217673,3877,0.014598815517161117,2.679156414461428,0.011391211720135765,3.643075071065697,0.0161899850986382,5.48551827051564,0.0047987733785024335,0.0,1107.7142857142858,3877.0,0.014256276112217673,0.1360772628183112,4.0,27.701707103379608,0.0,0.0,,,,,,,,,,,,,,
Undivided,0.1,23,0.014815361809925492,3877,0.013168329478305383,2.6749460555158753,0.015960364932408592,3.640210428255786,0.025755069372350337,5.569485266484468,0.012586739894044954,0.0,1107.4285714285713,3877.0,0.014815361809925492,0.13571481372775332,3.0,25.405999071489205,0.0,0.0,,,,,,,,,,,,,,
Undivided,0.1,24,0.016046535245104524,3865,0.014873026427274554,2.680422461074252,0.014354483165347098,3.736654856197263,0.026933124846330207,5.491866409959348,0.012578641680983108,0.0,1104.2857142857142,3865.0,0.016046535245104524,0.13709780435461905,5.0,26.97229620288261,0.0,0.0,,,,,,,,,,,,,,
Undivided,0.1,25,0.014424071043441629,3888,0.014220594534502121,2.6721622290925597,0.011887749710541549,3.653491414909858,0.02015781352451277,5.4639327640906314,0.008270063813971221,0.0,1110.857142857143,3888.0,0.014424071043441629,0.1361727153116495,5.0,27.099977413662067,0.0,0.0,,,,,,,,,,,,,,
Undivided,0.1,26,0.01448375510884131,3895,0.016865159435432854,2.682943962256653,0.0065369729134343866,3.6814156895234658,0.010323547981003076,5.495442305751526,0.010328186521998468,0.0,1112.857142857143,3895.0,0.01448375510884131,0.13784625377966073,5.0,23.134675651368998,0.0,0.0,,,,,,,,,,,,,,
Undivided,0.1,27,0.009758069377362783,3893,0.010024717415546181,2.670562719819024,0.008885693920359946,3.690243240609062,0.009086183559475661,5.499155732688303,0.0011390234951862352,0.0,1112.0,3893.0,0.009758069377362783,0.1371356227533291,4.0,19.636114426982694,0.0,0.0,,,,,,,,,,,,,,
Undivided,0.1,28,0.014104916607823276,3882,0.012256006324484082,2.6813469603988547,0.021203547639565824,3.695649241211197,0.01726873068719446,5.513504964621943,0.008947541315081742,0.0,1109.142857142857,3882.0,0.014104916607823276,0.13670743352708853,4.0,27.650493865749386,0.0,0.0,,,,,,,,,,,,,,
Undivided,0.1,29,0.009839308252337154,3870,0.009996867725513201,2.6833679912887587,0.011805885237527874,3.7236785141416067,0.0053419404090832845,5.612648878823515,0.00646394482844459,0.0,1105.7142857142858,3870.0,0.009839308252337154,0.13640533274001387,5.0,21.614813178788268,0.0,0.0,,,,,,,,,,,,,,
6/1,0.1,0,0.3571293080739809,3875,0.022958496544262356,2.693857167723389,0.029562709872133344,3.6867904778391507,3.1564269236338354,8.689929855396782,3.133468427089573,51.97662703114785,1107.142857142857,,,,,,,,3463.0,0.024091301256002284,0.13009525901832425,6.0,30.5287506092111,0.0,0.0,412.0,3.1564269236338354,0.18093676253066196,5.0,57.117732350929636,0.0,0.0
6/1,0.1,1,0.26274219948435884,3902,0.02372832775128481,2.6888822057051547,0.02161627678252229,3.677880636152735,2.4560219124653813,7.936436114774395,2.434405635682859,41.115816783157015,1114.857142857143,,,,,,,,3518.0,0.023339297328385973,0.13251654675396138,7.0,27.885882401436923,0.0,0.0,384.0,2.4560219124653813,0.1670221471179884,5.0,57.49985398220568,0.0,0.0
6/1,0.1,2,0.2771875513670057,3889,0.009319056804869304,2.6745736263213384,0.009924689109410615,3.6590934492468707,2.5247199860435514,7.987817565852091,2.515400929238682,45.79385168873444,1111.142857142857,,,,,,,,3475.0,0.009423974976763942,0.1303449202622163,3.0,27.033381304531286,0.0,0.0,414.0,2.5247199860435514,0.17950177762228078,5.0,62.0929602070973,0.0,0.0
6/1,0.1,3,0.22152432473404693,3880,0.009885287144360702,2.688240999733832,0.008124400477089845,3.6597058515821135,2.2687204460683854,7.8582431452748,2.2605960455912957,37.07310663808107,1108.5714285714287,,,,,,,,3516.0,0.009584794539024378,0.13228881122452227,3.0,22.340459160197515,0.0,0.0,364.0,2.2687204460683854,0.16147510019929687,3.0,52.610865051529345,0.0,0.0
6/1,0.1,4,0.2003754735959651,3890,0.01919006348542611,2.6847407750240877,0.011980765021141657,3.6826315721772245,2.0340495671462304,7.6055082333968675,2.0220688021250885,32.62034149102043,1111.4285714285713,,,,,,,,3538.0,0.01794096796292572,0.1328947721698053,4.0,30.482822807393823,0.0,0.0,352.0,2.0340495671462304,0.155647099247638,3.0,52.764222906253806,0.0,0.0
6/1,0.1,5,0.23501221639393297,3880,0.020532431128197436,2.694080966603345,0.025240828408129433,3.6843236857378705,2.261782054148457,7.739418223498036,2.2412496230202597,39.32993839994635,1108.5714285714287,,,,,,,,3510.0,0.021364113838612777,0.13221146347973017,5.0,29.012512830271117,0.0,0.0,370.0,2.261782054148457,0.16085122084597941,4.0,55.636953071789996,0.0,0.0
6/1,0.1,6,0.23753027251601186,3906,0.014494142935804677,2.6792279348858217,0.017788002321878958,3.656509681440352,2.1551524793556287,7.59302903053575,2.140658336419824,40.83319241452353,1116.0,,,,,,,,3500.0,0.015086096522616312,0.1314709874716144,4.0,21.198285458998708,0.0,0.0,406.0,2.1551524793556287,0.17522046664913732,4.0,58.56430988728478,0.0,0.0
6/1,0.1,7,0.20524254779989723,3876,0.019537193980197237,2.6904755203621815,0.014451835298411871,3.672929155988783,1.8967136804438387,7.356861540137865,1.882261845145427,36.54034581915237,1107.4285714285713,,,,,,,,3491.0,0.01870104505915891,0.13083456455201764,5.0,30.260369561432068,0.0,0.0,385.0,1.8967136804438387,0.16683785126842857,4.0,54.85164787555857,0.0,0.0
6/1,0.1,8,0.22652848104404083,3867,0.018807408620645966,2.6895812232187266,0.009464625156654161,3.6748350353249215,2.1752025369406227,7.676818741517537,2.1657379117839684,36.56708812924408,1104.857142857143,,,,,,,,3492.0,0.017263655453772175,0.1309553491563558,5.0,32.84861531880707,0.0,0.0,375.0,2.1752025369406227,0.16373857751716947,5.0,53.34573466411287,0.0,0.0
6/1,0.1,9,0.2832099950524716,3871,0.011801209754009126,2.6768422422890272,0.00837005044582632,3.7017091704949086,2.4885549570662695,7.92705704034984,2.480184906620443,48.07202626777571,1106.0,,,,,,,,3446.0,0.011221716220241745,0.12939419160117524,3.0,28.02506881734644,0.0,0.0,425.0,2.4885549570662695,0.18344153852345438,5.0,57.44078945551319,0.0,0.0
6/1,0.1,10,0.35511777961532803,3878,0.015922152817687916,2.6708897242905616,0.018644582933829194,3.7150065722591976,3.446123674101144,8.949488356940675,3.430201521283456,49.16185235823198,1108.0,,,,,,,,3495.0,0.01638952279470788,0.13100460731493593,3.0,27.58289813876543,0.0,0.0,383.0,3.446123674101144,0.16728481535932913,7.0,58.49414504583827,0.0,0.0
6/1,0.1,11,0.32214978447757425,3871,0.016837515811531093,2.67786437018144,0.024767816184508667,3.655880865958966,2.952223428982904,8.513788861139226,2.935385913171373,49.61956865581055,1106.0,,,,,,,,3470.0,0.01821332008373066,0.12986448510975004,4.0,29.22390578148073,0.0,0.0,401.0,2.952223428982904,0.17699902684878394,5.0,55.102610811715294,0.0,0.0
6/1,0.1,12,0.25243087787538665,3876,0.010599130997054349,2.6826845527591328,0.012127917856242568,3.6947155297955696,2.405451859097161,7.893145258665574,2.3948527281001066,44.93505364989507,1107.7142857142858,,,,,,,,3485.0,0.01087242632367537,0.13152947913478402,3.0,23.196381193733224,0.0,0.0,391.0,2.405451859097161,0.1702927078754962,4.0,57.547626536949366,0.0,0.0
6/1,0.1,13,0.19451348159575962,3883,0.012831104086588496,2.6760923871420506,0.02569263474069015,3.675299427042681,2.009588433199819,7.494923845323075,1.9967573291132306,31.12296061123458,1109.4285714285713,,,,,,,,3534.0,0.015265842062704513,0.13322527142862367,4.0,30.921012790953718,0.0,0.0,349.0,2.009588433199819,0.1519350840342072,4.0,51.57021794877463,0.0,0.0
6/1,0.1,14,0.2342797013461594,3857,0.01614247841235429,2.692113017128871,0.0118924185127109,3.6730526253250484,2.0550025203716706,7.547078209443931,2.04311010185896,40.895336780916104,1102.0,,,,,,,,3443.0,0.01534875534657715,0.1302492529283937,4.0,23.812525872587614,0.0,0.0,414.0,2.0550025203716706,0.180453915498089,4.0,61.08868547031375,0.0,0.0
6/1,0.1,15,0.29745431718704957,3865,0.018484701159739846,2.6892126186644663,0.018522256228015038,3.6675308788230323,2.7139740672869506,8.240320900211549,2.6954893661272106,45.84790830335446,1104.2857142857142,,,,,,,,3465.0,0.018490998272198113,0.12992663126734547,4.0,28.845257691596757,0.0,0.0,400.0,2.7139740672869506,0.17543958199760695,4.0,60.17818087437081,0.0,0.0
6/1,0.1,16,0.17627901353015202,3875,0.014959526096837806,2.6662187429734585,0.020935641500214666,3.681312946736701,1.736194953925578,7.247006796370186,1.7212354278287403,32.66407976326685,1107.142857142857,,,,,,,,3514.0,0.016025839232272434,0.13160372922627092,4.0,24.520140455185576,0.0,0.0,361.0,1.736194953925578,0.15788913294623058,4.0,48.50470183223984,0.0,0.0
6/1,0.1,17,0.28850068834701253,3881,0.016947477021846156,2.686360161667257,0.020040942210418727,3.6827196810722675,2.552040460867984,8.035494210205163,2.535092983846138,47.850111293815566,1108.857142857143,,,,,,,,3466.0,0.017476739819544812,0.13017448591443556,5.0,26.313639820404294,0.0,0.0,415.0,2.552040460867984,0.1806058179345183,5.0,61.888860300977555,0.0,0.0
6/1,0.1,18,0.15969612156528962,3869,0.020979449520831903,2.6872746793154474,0.02063263472691085,3.73417468684089,1.555006542370672,6.997643772848405,1.5343739076437612,27.860564194224263,1105.4285714285713,,,,,,,,3519.0,0.020918444019997255,0.13268437429448332,3.0,35.42478024061245,0.0,0.0,350.0,1.555006542370672,0.15118436751327025,4.0,51.33589913950099,0.0,0.0
6/1,0.1,19,0.26067491416217026,3856,0.021204634110189354,2.6899142012363577,0.014286074973437037,3.648040011914207,2.267939214929715,7.756916816401494,2.253653139956278,47.34928705423105,1101.7142857142858,,,,,,,,3443.0,0.019896477851686373,0.1298493508513847,5.0,26.64768580152262,0.0,0.0,413.0,2.267939214929715,0.17991648804824115,4.0,62.78983066049091,0.0,0.0
6/1,0.1,20,0.28302058925881046,3871,0.02144364508599095,2.6889046351984707,0.027982083733382616,3.6920042385687313,2.634537853847245,8.170459112099449,2.613094208761254,42.7164634121749,1106.0,,,,,,,,3485.0,0.022565592377566338,0.13084715776516284,5.0,29.890020568179047,0.0,0.0,386.0,2.634537853847245,0.16959250838772588,5.0,57.501077844462955,0.0,0.0
6/1,0.1,21,0.27412000604958064,3865,0.0205600885691884,2.6900283340309383,0.024368695597097607,3.6558606105679208,2.410980680666165,7.880893075633043,2.3904205920969765,47.561221728816115,1104.2857142857142,,,,,,,,3456.0,0.02123342736955082,0.12980791955536838,4.0,24.768569261835463,0.0,0.0,409.0,2.410980680666165,0.1775550928207497,5.0,61.41085433506176,0.0,0.0
6/1,0.1,22,0.27853288097116297,3877,0.015592883153511046,2.680150482097778,0.012042096172126098,3.6437259555176875,2.6553090290185133,8.124637314435514,2.6432669328463874,43.658699695648025,1107.7142857142858,,,,,,,,3490.0,0.014976328164766267,0.13075905468410942,4.0,24.50124418619619,0.0,0.0,387.0,2.6553090290185133,0.16798651162352182,6.0,62.664123248458054,0.0,0.0
6/1,0.1,23,0.23979438720562257,3877,0.01972813694401181,2.681505862981582,0.02011729182700903,3.644367355150387,2.276262462254799,7.819992659366916,2.256534325310787,41.45093156374487,1107.4285714285713,,,,,,,,3499.0,0.019792977554696972,0.13061529836348504,3.0,30.77659520879981,0.0,0.0,378.0,2.276262462254799,0.16631190591336328,4.0,55.69061661926393,0.0,0.0
6/1,0.1,24,0.29981517596341173,3865,0.01928282093757119,2.6848322555845487,0.01866625968387306,3.7409666327157893,2.7107059462966006,8.175639231409619,2.6920396866127274,49.51049367357573,1104.2857142857142,,,,,,,,3462.0,0.019171334125088514,0.13081558505524943,6.0,26.951511584935652,0.0,0.0,403.0,2.7107059462966006,0.17479112015083675,4.0,58.38304237817666,0.0,0.0
6/1,0.1,25,0.21464037324857194,3888,0.018212117596192456,2.6761537521542498,0.011305255245411656,3.652908920444728,2.0393978216297235,7.483172772195841,2.028092566384312,35.43199448701109,1110.857142857143,,,,,,,,3508.0,0.016975655350955757,0.13150527790042818,4.0,30.886171211042203,0.0,0.0,380.0,2.0393978216297235,0.1641773397789775,4.0,52.88126166518345,0.0,0.0
6/1,0.1,26,0.2606962424411535,3895,0.01627203787120076,2.6823508406924206,0.011009677253557604,3.6858883938635887,2.4168543538484957,7.901973111619019,2.405844676594938,44.730210745782,1112.857142857143,,,,,,,,3497.0,0.015299923213208918,0.1319439460022937,4.0,24.831792254259557,0.0,0.0,398.0,2.4168543538484957,0.17326010044386272,4.0,57.08509543950778,0.0,0.0
6/1,0.1,27,0.3244142264710635,3893,0.013405732859631564,2.673943735263109,0.013435556547341163,3.6947931032360435,2.988194153462049,8.478263702590874,2.974788420602417,52.22121140442197,1112.0,,,,,,,,3486.0,0.013410660697876178,0.1304352330733889,3.0,28.369983452020733,0.0,0.0,407.0,2.988194153462049,0.17733796083297051,5.0,59.08210190557269,0.0,0.0
6/1,0.1,28,0.2965486743303966,3882,0.01553246997511739,2.6846234240494877,0.011689141177027875,3.6861348347486596,2.797063570910695,8.293299804845445,2.785374429733667,45.77876984864129,1109.142857142857,,,,,,,,3489.0,0.014891364397448117,0.130920301549641,4.0,30.269127763366047,0.0,0.0,393.0,2.797063570910695,0.1714302253917739,5.0,54.83261332984101,0.0,0.0
6/1,0.1,29,0.26776660967760707,3870,0.01782280961411326,2.6911939331773587,0.017765696478232663,3.7296383253823118,2.6826068393326854,8.289913777747117,2.6648411428544527,41.62200305693623,1105.7142857142858,,,,,,,,3507.0,0.01781308718978457,0.1322155810717563,5.0,31.787440248504815,0.0,0.0,363.0,2.6826068393326854,0.1615438427495594,5.0,48.291847864262124,0.0,0.0
5/2,0.1,0,0.09567388974540618,3875,0.0753911849323431,2.7462898561114697,0.08016717424265296,3.7373949422096704,0.25927114488451625,5.792774076647462,0.18387995995217316,8.165125882014149,1107.142857142857,,,,,,,,3463.0,0.07621039880768936,0.1561143108219891,7.0,50.24314291416275,0.0,0.0,412.0,0.25927114488451625,0.09046838126533094,3.0,19.6373894377178,0.0,0.0
5/2,0.1,1,0.08911590503275721,3902,0.06955401121224188,2.7347078891661116,0.06681566519798574,3.7230800245681985,0.2729523390895565,5.753366541398569,0.20613667389157078,7.099669896311889,1114.857142857143,,,,,,,,3518.0,0.06904962001916684,0.15901985610475367,8.0,47.72615492050905,0.0,0.0,384.0,0.2729523390895565,0.0835110735589942,4.0,21.854142186301463,0.0,0.0
5/2,0.1,2,0.06354796919285755,3889,0.047508373267646356,2.7127629427841153,0.037244624912803954,3.6864133850502645,0.21310442414388173,5.67620200395242,0.17585979923107778,5.887878253961227,1111.142857142857,,,,,,,,3475.0,0.0457303080850233,0.15641390431465957,4.0,43.49881012352569,0.0,0.0,414.0,0.21310442414388173,0.08975088881114039,2.0,22.446437419439103,0.0,0.0
5/2,0.1,3,0.05409183402304292,3880,0.04322500849229366,2.721580721081765,0.05106890009051388,3.7026503511955373,0.14612871206475245,5.735651411271167,0.10290370357245879,5.121277953647647,1108.5714285714287,,,,,,,,3516.0,0.04456355654659745,0.15874657346942672,4.0,46.26403906785133,0.0,0.0,364.0,0.14612871206475245,0.08073755009964843,2.0,14.95049284395383,0.0,0.0
5/2,0.1,4,0.07811400197990427,3890,0.06819777203870364,2.7337484835773656,0.0710500781626198,3.7417008853187026,0.17281615504242478,5.744274821293062,0.10461838300372114,4.993317344203281,1111.4285714285713,,,,,,,,3538.0,0.06869196753162637,0.15947372660376638,5.0,47.072404437428176,0.0,0.0,352.0,0.17281615504242478,0.07782354962381897,2.0,17.504444819832578,0.0,0.0
5/2,0.1,5,0.0785143266954986,3880,0.06754916416067108,2.7410976996358185,0.06873677620982885,3.72781963353957,0.18054514028135477,5.658181309630932,0.11299597612068368,6.776160522086403,1108.5714285714287,,,,,,,,3510.0,0.06775894178758783,0.1586537561756762,6.0,46.13232830344411,0.0,0.0,370.0,0.18054514028135477,0.08042561042298971,3.0,16.801693321355724,0.0,0.0
5/2,0.1,6,0.059888678253082056,3906,0.05028563802441074,2.715019429974428,0.053840761637818806,3.692562440756291,0.13716569314844151,5.5750422443285625,0.08688005512403077,5.0070875219363495,1116.0,,,,,,,,3500.0,0.05092454452522036,0.15776518496593728,5.0,50.763114616406405,0.0,0.0,406.0,0.13716569314844151,0.08761023332456866,2.0,15.423405620208523,0.0,0.0
5/2,0.1,7,0.0712267775236988,3876,0.06944003405811194,2.740378360440096,0.052629170130878984,3.7111064908212494,0.11249160176420647,5.572639461458233,0.05986243163332749,5.837062662730754,1107.4285714285713,,,,,,,,3491.0,0.06667594471573676,0.15700147746242119,6.0,46.37333873807552,0.0,0.0,385.0,0.11249160176420647,0.08341892563421428,3.0,16.461618648655183,0.0,0.0
5/2,0.1,8,0.06641049355990557,3867,0.05899278688873371,2.7297666014868147,0.05496336029156865,3.7203337704598356,0.14168412247269588,5.64330032704961,0.08672076218112723,5.601811004948933,1104.857142857143,,,,,,,,3492.0,0.058326985300370525,0.15714641898762693,6.0,50.5656105175923,0.0,0.0,375.0,0.14168412247269588,0.0818692887585847,2.0,15.105815070967983,0.0,0.0
5/2,0.1,9,0.06472890394539926,3871,0.047751395569898186,2.7127924281049163,0.048682706600770155,3.742021826649852,0.20111118827953867,5.6396132715631095,0.15335979270964048,6.054254077256201,1106.0,,,,,,,,3446.0,0.04790868605741051,0.15527302992141032,4.0,52.943340023239756,0.0,0.0,425.0,0.20111118827953867,0.09172076926172716,2.0,19.364033078236126,0.0,0.0
5/2,0.1,10,0.09508937915440459,3878,0.06687412145214858,2.7218416929250218,0.07378371727634203,3.7701457066017103,0.3417383822219469,5.845103065061479,0.2748642607697983,8.089686973415757,1108.0,,,,,,,,3495.0,0.06806031816016461,0.15720552877792313,5.0,46.129319957303096,0.0,0.0,383.0,0.3417383822219469,0.08364240767966456,4.0,21.364006828288208,0.0,0.0
5/2,0.1,11,0.08793193810982802,3871,0.06998335908759278,2.7310102134575023,0.07703021439341942,3.7081432641678767,0.23266850248152046,5.794233934637842,0.1626851433939277,7.702231365072771,1106.0,,,,,,,,3470.0,0.07120589709742206,0.15583738213170006,5.0,47.12269103358366,0.0,0.0,401.0,0.23266850248152046,0.08849951342439197,2.0,19.27627954949454,0.0,0.0
5/2,0.1,12,0.06443582073882795,3876,0.04521938624642951,2.717304808008508,0.06104320510150083,3.743630817040828,0.21049984902348043,5.698193248591894,0.1652804627770509,6.897199617911425,1107.7142857142858,,,,,,,,3485.0,0.048048149272744985,0.15783537496174083,4.0,45.25480166279715,0.0,0.0,391.0,0.21049984902348043,0.0851463539377481,3.0,17.783166575934462,0.0,0.0
5/2,0.1,13,0.07280723527472382,3883,0.061138243223481215,2.724399526278943,0.08336294242079725,3.7329697347227886,0.1483656712233971,5.6337010833466525,0.0872274279999159,5.940385964864333,1109.4285714285713,,,,,,,,3534.0,0.06534546556728553,0.1598703257143484,5.0,47.26596392642569,0.0,0.0,349.0,0.1483656712233971,0.07596754201710358,2.0,14.414181360283438,0.0,0.0
5/2,0.1,14,0.07163999230484844,3857,0.06098209105475048,2.7369526297712676,0.06600982794209079,3.7271700347544283,0.15246685024090514,5.644542539313164,0.09148475918615467,6.085782898746599,1102.0,,,,,,,,3443.0,0.06192104975895025,0.15629910351407247,5.0,51.971547815292865,0.0,0.0,414.0,0.15246685024090514,0.09022695774904446,2.0,20.759062837543247,0.0,0.0
5/2,0.1,15,0.07918564479847806,3865,0.06088513175938886,2.7316130492641157,0.059112153760743365,3.70812077635576,0.2402890895426208,5.766635922467217,0.18117693578187744,6.785104985209781,1104.2857142857142,,,,,,,,3465.0,0.06058784453941396,0.15591195752081458,5.0,50.301497815922474,0.0,0.0,400.0,0.2402890895426208,0.08771979099880348,3.0,22.739759040000543,0.0,0.0
5/2,0.1,16,0.06159012907672619,3875,0.05540050145630647,2.7066597183329266,0.06385335321080451,3.724230658447291,0.10715914128748691,5.617970983732094,0.05175863983118044,4.996077862564595,1107.142857142857,,,,,,,,3514.0,0.05690873653031622,0.1579244750715251,5.0,46.12683128323773,0.0,0.0,361.0,0.10715914128748691,0.07894456647311529,1.0,16.156060603410108,0.0,0.0
5/2,0.1,17,0.07186556072254902,3881,0.05711035370128757,2.7265230383466985,0.05557185040685539,3.7182505892687048,0.19729659684132117,5.680750346178501,0.14172474643446578,5.453320406833965,1108.857142857143,,,,,,,,3466.0,0.05684713025824133,0.15620938309732268,6.0,48.47669624934492,0.0,0.0,415.0,0.19729659684132117,0.09030290896725915,3.0,15.097717987901214,0.0,0.0
5/2,0.1,18,0.0762862372491527,3869,0.07521988815877727,2.741515117953392,0.06586157920835489,3.779403631322334,0.10355845350441736,5.546195683982151,0.03769687429606247,5.352338181693782,1105.4285714285713,,,,,,,,3519.0,0.07357374060540658,0.15922124915337998,6.0,47.42347385628188,0.0,0.0,350.0,0.10355845350441736,0.07559218375663512,3.0,8.553769759497833,0.0,0.0
5/2,0.1,19,0.08351776342152079,3856,0.07081331253787836,2.739522879664047,0.07692096372303175,3.710674900663802,0.17980188804826658,5.6687794895200465,0.10898857551038822,6.610342056277402,1101.7142857142858,,,,,,,,3443.0,0.07196814289557073,0.15581922102166162,6.0,50.36388231128399,0.0,0.0,413.0,0.17980188804826658,0.08995824402412055,2.0,19.63084029242828,0.0,0.0
5/2,0.1,20,0.09112830077988898,3871,0.07140093874930023,2.73886192886178,0.0663237201024306,3.730345874937779,0.27710248064369686,5.8130237388959,0.21077876054126626,7.630133443148641,1106.0,,,,,,,,3485.0,0.07052972590831658,0.1570165893181954,6.0,49.2087917399627,0.0,0.0,386.0,0.27710248064369686,0.08479625419386294,3.0,21.332629038303846,0.0,0.0
5/2,0.1,21,0.084393677288748,3865,0.07241205900591476,2.7418803044676645,0.07276104265686495,3.704252957627688,0.18511554470865288,5.655027939675532,0.11270348570273812,6.417029846405375,1104.2857142857142,,,,,,,,3456.0,0.07247375721503818,0.15576950346644206,8.0,49.72660873868218,0.0,0.0,409.0,0.18511554470865288,0.08877754641037482,2.0,19.241741595022702,0.0,0.0
5/2,0.1,22,0.0773738526103574,3877,0.050810860876269695,2.7153684598205365,0.0577151334910546,3.6893989928366158,0.30610990415404327,5.775438189571045,0.2552990432777736,7.393890106047198,1107.7142857142858,,,,,,,,3490.0,0.05200971165121515,0.1569108656209313,5.0,46.28509642446347,0.0,0.0,387.0,0.30610990415404327,0.08399325581176088,3.0,19.600294437509643,0.0,0.0
5/2,0.1,23,0.07988378960617513,3877,0.06525661904032655,2.7270343450778967,0.07992678772887858,3.704176851052256,0.19265564533230842,5.7363858424444265,0.12739902629198185,6.564219233449046,1107.4285714285713,,,,,,,,3499.0,0.06770094837597268,0.15673835803618202,4.0,44.01624281500673,0.0,0.0,378.0,0.19265564533230842,0.08315595295668164,3.0,18.9093843127817,0.0,0.0
5/2,0.1,24,0.07887486176436245,3865,0.06244992056405219,2.7279993552110295,0.06542301759019194,3.7877233906221077,0.21535622081426473,5.680289505927283,0.15290630025021254,6.579750329202428,1104.2857142857142,,,,,,,,3462.0,0.0629875169645038,0.15697870206629932,7.0,52.044942833552426,0.0,0.0,403.0,0.21535622081426473,0.08739556007541839,3.0,24.166605242426524,0.0,0.0
5/2,0.1,25,0.06721899490266417,3888,0.06208594133876007,2.7200275758968173,0.0559261984378088,3.697529863637125,0.12478496975522471,5.568559920321343,0.06885877131741591,5.012212979334,1110.857142857143,,,,,,,,3508.0,0.060983227957403914,0.15780633348051382,5.0,51.29867291238703,0.0,0.0,380.0,0.12478496975522471,0.08208866988948871,3.0,13.281954681778643,0.0,0.0
5/2,0.1,26,0.07938274102723873,3895,0.06120109083037403,2.7272798936515943,0.06798506759929752,3.742863784209329,0.2281233986797796,5.713242156450302,0.16692230784940557,7.0837650768288505,1112.857142857143,,,,,,,,3497.0,0.062454293287544344,0.15833273520275248,5.0,48.7931772224282,0.0,0.0,398.0,0.2281233986797796,0.08663005022193136,3.0,17.488659068567593,0.0,0.0
5/2,0.1,27,0.07947536838144725,3893,0.05912252812875786,2.719660530532235,0.06186010270565371,3.743217649394356,0.24992538844184828,5.739994937570675,0.1908028603130904,7.4593596765221495,1112.0,,,,,,,,3486.0,0.05957486403130864,0.15652227968806665,5.0,43.70198795768625,0.0,0.0,407.0,0.24992538844184828,0.08866898041648526,3.0,20.5058915299934,0.0,0.0
5/2,0.1,28,0.08085192281452999,3882,0.06038291911411731,2.7294738731884878,0.0677789104210408,3.742224603992672,0.25162008304381855,5.7478563169785675,0.19123716392970125,7.476217305083226,1109.142857142857,,,,,,,,3489.0,0.061616644233242986,0.15710436185956916,5.0,46.85195530940637,0.0,0.0,393.0,0.25162008304381855,0.08571511269588696,2.0,22.22520981755851,0.0,0.0
5/2,0.1,29,0.07936757507789965,3870,0.06737036316892062,2.740741486732166,0.07245135041038624,3.784323979314465,0.18691818880141065,5.794225127215842,0.11954782563249003,6.708420935137811,1105.7142857142858,,,,,,,,3507.0,0.06823530453851143,0.15865869728610754,7.0,55.502852017968394,0.0,0.0,363.0,0.18691818880141065,0.08077192137477972,2.0,11.866604994781737,0.0,0.0
4/3,0.1,0,0.23633595898355897,3875,0.25147753228943615,2.9223762034685623,0.30570028003132727,3.962928047998344,0.030890375204588285,5.564393306967535,0.274809904826739,18.982956508989318,1107.142857142857,,,,,,,,3463.0,0.26077822884117835,0.19514288852748646,8.0,66.95660149785925,0.0,0.0,412.0,0.030890375204588285,0.0603122541768873,1.0,9.58961222494017,0.0,0.0
4/3,0.1,1,0.23574160560327795,3902,0.2510862415327989,2.916240119486669,0.2750397897195909,3.931304149089804,0.05474075032959055,5.535154952638603,0.22029903939000037,21.67353034795984,1114.857142857143,,,,,,,,3518.0,0.25549837889068444,0.19877482013094208,9.0,64.37623748291432,0.0,0.0,384.0,0.05474075032959055,0.05567404903932947,3.0,6.371910614482518,0.0,0.0
4/3,0.1,2,0.18592021442537007,3889,0.20881115671933748,2.874065726235806,0.19071471180733438,3.8398834719447943,0.020094212892735268,5.483191792701273,0.1887169438266022,18.250313160794175,1111.142857142857,,,,,,,,3475.0,0.20567617547127248,0.19551738039332442,6.0,65.56851043157631,0.0,0.0,414.0,0.020094212892735268,0.0598339258740936,1.0,7.677837082983781,0.0,0.0
4/3,0.1,3,0.1841172995551947,3880,0.1975917658937828,2.875947478483255,0.2235632772531176,3.875144728358141,0.01115265542861065,5.600675354635025,0.21241062182450693,17.992529990497303,1108.5714285714287,,,,,,,,3516.0,0.20202376441926656,0.1984332168367834,6.0,70.4966274715719,0.0,0.0,364.0,0.01115265542861065,0.05382503339976562,1.0,2.7322915367421956,0.0,0.0
4/3,0.1,4,0.2194250973812439,3890,0.2410647249763684,2.90661543651503,0.2253649720806172,3.8960157792367003,0.029263012419724014,5.600721678670361,0.2118017125566444,18.937199694862894,1111.4285714285713,,,,,,,,3538.0,0.23834455863236179,0.19934215825470802,8.0,67.59266556656365,0.0,0.0,352.0,0.029263012419724014,0.051882366415879316,1.0,6.153424367945744,0.0,0.0
4/3,0.1,5,0.23277617457165792,3880,0.26035037416338425,2.933898909638532,0.23803469204482583,3.897117549374566,0.008587748481243801,5.486223917830822,0.2517626256821405,20.7793335014328,1108.5714285714287,,,,,,,,3510.0,0.2564085727635249,0.19831719521959526,8.0,68.32947292337914,0.0,0.0,370.0,0.008587748481243801,0.05361707361532647,1.0,3.4760360659428304,0.0,0.0
4/3,0.1,6,0.1783539525419957,3906,0.19172509663761464,2.8564588885876314,0.22532091535708462,3.8640425944755576,0.01103677444048632,5.448913325620609,0.2142841409165983,17.061615584420647,1116.0,,,,,,,,3500.0,0.1977627452017708,0.1972064812074216,6.0,66.90110996104113,0.0,0.0,406.0,0.01103677444048632,0.058406822216379106,1.0,1.2148050434944149,0.0,0.0
4/3,0.1,7,0.24497736278616386,3876,0.27443175085279353,2.9453700772347777,0.25012553671790405,3.9086028574082747,0.014137098299988202,5.474284957994016,0.2602946525528053,19.8495162380862,1107.4285714285713,,,,,,,,3491.0,0.27043525503113025,0.1962518468280264,8.0,62.22598325617098,0.0,0.0,385.0,0.014137098299988202,0.055612617089476186,2.0,1.3117689368068743,0.0,0.0
4/3,0.1,8,0.19915258959687332,3867,0.22206618579046322,2.8928400003885435,0.21282518612115917,3.878195596289426,0.0,5.501616204576914,0.22206618579046322,20.008330549559812,1104.857142857143,,,,,,,,3492.0,0.2205392508508331,0.19643302373453367,7.0,70.79525964008593,0.0,0.0,375.0,0.0,0.05457952583905647,0.0,0.0,0.0,0.0
4/3,0.1,9,0.1812316792370918,3871,0.19978267771684147,2.8648237102518594,0.20488552342383767,3.8982246434729193,0.023827921677823136,5.462330004961394,0.18105760174601454,19.10056307923385,1106.0,,,,,,,,3446.0,0.20064450482115714,0.19409128740176287,5.0,67.50296375948287,0.0,0.0,425.0,0.023827921677823136,0.0611471795078181,1.0,2.868097159068865,0.0,0.0
4/3,0.1,10,0.238235790569563,3878,0.2606486163788393,2.915616187851713,0.2575954538882153,3.9539574432135836,0.0384944623475104,5.541859145187042,0.22215415403132888,20.053324844822335,1108.0,,,,,,,,3495.0,0.2601244683117794,0.19650691097240391,9.0,65.39037103435673,0.0,0.0,383.0,0.0384944623475104,0.055761605119776375,2.0,3.5827089182587053,0.0,0.0
4/3,0.1,11,0.23499947281538958,3871,0.2533222846984639,2.9143491390683733,0.2899416955408756,3.921054745315333,0.021470688372995792,5.583036120529317,0.2684710071678798,19.49743078829457,1106.0,,,,,,,,3470.0,0.2596752775881273,0.19479672766462508,7.0,65.71134469456527,0.0,0.0,401.0,0.021470688372995792,0.058999675616261314,1.0,5.264351992013451,0.0,0.0
4/3,0.1,12,0.19614678160386345,3876,0.2101772601200472,2.8822626818821258,0.2433954445873905,3.9259830565267175,0.01816430960372223,5.505857709172135,0.22523113498366829,19.71596553599608,1107.7142857142858,,,,,,,,3485.0,0.2161155467550988,0.19729421870217606,5.0,66.11763402905319,0.0,0.0,391.0,0.01816430960372223,0.056764235958498735,2.0,4.999943485672475,0.0,0.0
4/3,0.1,13,0.2515083309109127,3883,0.2725192944443531,2.9357805774998154,0.28657216377063405,3.936178956072625,0.011811727167473704,5.497147139290729,0.27476043660316035,21.274205857592378,1109.4285714285713,,,,,,,,3534.0,0.2751795574831991,0.19983790714293548,8.0,63.92886268240837,0.0,0.0,349.0,0.011811727167473704,0.05064502801140239,1.0,3.164559862986721,0.0,0.0
4/3,0.1,14,0.21968763969727945,3857,0.24460378330368168,2.9205743220201987,0.2452139994064905,3.9063742062188282,0.011526645999335023,5.503602335071595,0.23368735340715546,19.811072934066036,1102.0,,,,,,,,3443.0,0.24471774466124951,0.19537387939259057,8.0,69.62810659260192,0.0,0.0,414.0,0.011526645999335023,0.060151305166029644,1.0,1.8682353448177413,0.0,0.0
4/3,0.1,15,0.21519481575638486,3865,0.2410229721356506,2.9117508896403774,0.2152724301224766,3.864281052717494,0.02886107339513046,5.555207906319726,0.21216189874052013,18.687615859016617,1104.2857142857142,,,,,,,,3465.0,0.2367052044849568,0.1948899469010182,6.0,69.6328275894495,0.0,0.0,400.0,0.02886107339513046,0.05847986066586898,1.0,5.07490765629861,0.0,0.0
4/3,0.1,16,0.20146418390989393,3875,0.22102962517443156,2.8722888420510517,0.2273703106415551,3.8877476158780415,0.0,5.510811842444607,0.2273703106415551,19.40008641740104,1107.142857142857,,,,,,,,3514.0,0.2221609882330219,0.19740559383940637,6.0,67.21652639737373,0.0,0.0,361.0,0.0,0.05262971098207686,0.0,0.0,0.0,0.0
4/3,0.1,17,0.19845805547166154,3881,0.22221253593929624,2.8916252205847073,0.20265471551375347,3.8653334543756026,0.028011689716300043,5.511465439053479,0.1942008462229962,17.76095756633323,1108.857142857143,,,,,,,,3466.0,0.21886637681859605,0.19526172887165333,8.0,61.95518395949941,0.0,0.0,415.0,0.028011689716300043,0.060201939311506095,2.0,4.352015005394185,0.0,0.0
4/3,0.1,18,0.235116984998357,3869,0.2538953681858396,2.9201905979804548,0.27018389309810287,3.9837259452120817,0.017506335405665336,5.460143565883398,0.25267755769243755,20.85236438687594,1105.4285714285713,,,,,,,,3519.0,0.25676055628492767,0.19902656144172498,10.0,66.53250749340478,0.0,0.0,350.0,0.017506335405665336,0.05039478917109009,2.0,1.2480348241623984,0.0,0.0
4/3,0.1,19,0.23158655673744422,3856,0.256577750658618,2.9252873177847865,0.2658134484620841,3.8995673854028547,0.008687961239483611,5.497665562711264,0.2571254872226005,19.933595254356756,1101.7142857142858,,,,,,,,3443.0,0.25832402985410347,0.19477402627707704,8.0,67.00319880317332,0.0,0.0,413.0,0.008687961239483611,0.059972162682747035,1.0,2.3644692571507013,0.0,0.0
4/3,0.1,20,0.23964663990600002,3871,0.26941168806146903,2.936872678173949,0.2296740472605517,3.8936962020959003,0.032475438810505235,5.56839669706271,0.2369362492509638,20.13302124596305,1106.0,,,,,,,,3485.0,0.2625930053644967,0.19627073664774422,7.0,63.755516102503755,0.0,0.0,386.0,0.032475438810505235,0.05653083612924196,2.0,5.220799954004319,0.0,0.0
4/3,0.1,21,0.2527046992950501,3865,0.27909011272216605,2.9485583581839157,0.29272526501453106,3.9242171799853542,0.009381797449700649,5.479294192416578,0.2833434675648304,20.07057168548054,1104.2857142857142,,,,,,,,3456.0,0.2815007255840396,0.19471187933305256,10.0,69.2276469984338,0.0,0.0,409.0,0.009381797449700649,0.05918503094024988,1.0,2.1774852023964795,0.0,0.0
4/3,0.1,22,0.18167143441408165,3877,0.19997965556289388,2.8645372545071606,0.19305211660816038,3.824735975953722,0.027414061797062975,5.496742347214065,0.17256559376583092,18.177172417427567,1107.7142857142858,,,,,,,,3490.0,0.1987767648446794,0.19613858202616413,6.0,67.10231062264269,0.0,0.0,387.0,0.027414061797062975,0.05599550387450725,1.0,6.97309337442343,0.0,0.0
4/3,0.1,23,0.22188405397409794,3877,0.24246789133255942,2.9042456173701297,0.25193628945323354,3.876186352776611,0.016744045980421486,5.560474243092538,0.23519224347281206,19.345524616894384,1107.4285714285713,,,,,,,,3499.0,0.24404550668104555,0.19592294754522754,8.0,65.20248599265082,0.0,0.0,378.0,0.016744045980421486,0.055437301971121074,2.0,2.4900694806179726,0.0,0.0
4/3,0.1,24,0.22311695486021757,3865,0.2494520464293249,2.915001481076302,0.2306529834763562,3.9529533565082726,0.026085010434184975,5.491018295547204,0.2233670359951399,18.56648562361623,1104.2857142857142,,,,,,,,3462.0,0.24605279356723408,0.19622337758287417,8.0,69.79512200371762,0.0,0.0,403.0,0.026085010434184975,0.05826370671694559,2.0,5.7986791723541184,0.0,0.0
4/3,0.1,25,0.2119131755623585,3888,0.23570014026034702,2.8936417748184042,0.22497227265844927,3.8665759378577653,0.01005114580827443,5.453826096374393,0.2256489944520726,18.97157479283621,1110.857142857143,,,,,,,,3508.0,0.2337796440077838,0.19725791685064223,6.0,67.18587500098263,0.0,0.0,380.0,0.01005114580827443,0.05472577992632581,2.0,2.0357570866871217,0.0,0.0
4/3,0.1,26,0.22838883874989904,3895,0.2481313223392496,2.9142101251604697,0.25973369960823095,3.934612416218262,0.036090846720449765,5.521209604490973,0.22364285288778118,21.93101379020904,1112.857142857143,,,,,,,,3497.0,0.2502746268047234,0.1979159190034406,6.0,68.42717201452305,0.0,0.0,398.0,0.036090846720449765,0.057753366814620906,2.0,5.870353795845631,0.0,0.0
4/3,0.1,27,0.22154324675081172,3893,0.24344259957130426,2.903980601974782,0.24350215600195607,3.9248597026906586,0.03388858228817671,5.523958131417004,0.20961357371377937,19.31760852224235,1112.0,,,,,,,,3486.0,0.24345244022077514,0.1956528496100833,8.0,63.33644361324325,0.0,0.0,407.0,0.03388858228817671,0.059112653610990176,1.0,3.518722064467336,0.0,0.0
4/3,0.1,28,0.20995071842121454,3882,0.2277069685863372,2.8967979226607072,0.25039965982541124,3.924845353397043,0.018707199013443428,5.514943432948193,0.23169246081196782,18.240513628366422,1109.142857142857,,,,,,,,3489.0,0.23149233582656106,0.19638045232446147,7.0,68.12715837545399,0.0,0.0,393.0,0.018707199013443428,0.05714340846392464,1.0,5.549818473810223,0.0,0.0
4/3,0.1,29,0.23571756455173662,3870,0.25365725819205026,2.9270283817552953,0.2767529204298577,3.9886255493339364,0.024415592230659408,5.631722530645091,0.2523373281991983,21.88941062772387,1105.7142857142858,,,,,,,,3507.0,0.2575888550999405,0.19832337160763444,9.0,70.6207674031947,0.0,0.0,363.0,0.024415592230659408,0.05384794758318648,1.0,2.179592317284337,0.0,0.0
3/4,0.1,0,1.2414241897091238,3875,1.3691243779677396,4.040023049146866,1.4856917419754383,5.142919509942455,0.0,5.533502931762946,1.4856917419754383,86.28650867277322,1107.142857142857,,,,,,,,3463.0,1.3891188955018352,0.2601905180366485,13.0,82.51348533118546,0.0,0.0,412.0,0.0,0.04523419063266547,0.0,0.0,0.0,0.0
3/4,0.1,1,1.2611256357169978,3902,1.3778024029691969,4.042956280923066,1.48245260887132,5.138716968241533,0.015599071608112544,5.496013273917125,1.4668535372632074,95.41697439770233,1114.857142857143,,,,,,,,3518.0,1.3970785068420155,0.26503309350792276,15.0,78.73541827025748,0.0,0.0,384.0,0.015599071608112544,0.0417555367794971,2.0,2.652006218326243,0.0,0.0
3/4,0.1,2,1.0799246605001347,3889,1.209616027565196,3.874870597081664,1.2036547466614882,4.8528235067989485,0.0,5.463097579808539,1.209616027565196,87.40993646220252,1111.142857142857,,,,,,,,3475.0,1.2085833107007262,0.2606898405244326,12.0,80.20774732615881,0.0,0.0,414.0,0.0,0.044875444405570196,0.0,0.0,0.0,0.0
3/4,0.1,3,1.1317652718048512,3880,1.2167516503385727,3.895107362928044,1.4053357370259087,5.056917188130932,0.0,5.589522699206414,1.4053357370259087,91.42175179946584,1108.5714285714287,,,,,,,,3516.0,1.2489332350975035,0.26457762244904454,12.0,85.46487108814878,0.0,0.0,364.0,0.0,0.04036877504982422,0.0,0.0,0.0,0.0
3/4,0.1,4,1.1254973513670126,3890,1.2364586867812983,3.9020093983199606,1.242321432271421,4.912972239427504,0.0,5.571458666250637,1.242321432271421,92.357636202277,1111.4285714285713,,,,,,,,3538.0,1.2374744762062404,0.26578954433961066,12.0,82.92939582751079,0.0,0.0,352.0,0.0,0.03891177481190949,0.0,0.0,0.0,0.0
3/4,0.1,5,1.1753111059088006,3880,1.3028297421810011,3.9763782776561496,1.2823050581016988,4.94138791543144,0.0,5.477636169349578,1.3028297421810011,90.05577035013629,1108.5714285714287,,,,,,,,3510.0,1.2992042994091586,0.2644229269594603,17.0,80.7766371116919,0.0,0.0,370.0,0.0,0.040212805211494854,0.0,0.0,0.0,0.0
3/4,0.1,6,0.9914959892858636,3906,1.0971314847048885,3.761865276654905,1.1493145334862438,4.788036212604716,0.0,5.437876551180122,1.1493145334862438,82.71050576522701,1116.0,,,,,,,,3500.0,1.1065095240430236,0.2629419749432288,13.0,80.46541031630065,0.0,0.0,406.0,0.0,0.04380511666228433,0.0,0.0,0.0,0.0
3/4,0.1,7,1.250577148390569,3876,1.403968667511477,4.074906993893461,1.306140949056181,4.964618269746552,0.005546803305503102,5.46569466299953,1.398421864205974,82.24793226260559,1107.4285714285713,,,,,,,,3491.0,1.387883559979727,0.26166912910403517,23.0,80.84871266050973,0.0,0.0,385.0,0.005546803305503102,0.04170946281710714,1.0,1.303085521475448,0.0,0.0
3/4,0.1,8,1.0266066510181007,3867,1.1440369668164985,3.8148107814145793,1.1005548721263476,4.7659252822946145,0.0,5.501616204576914,1.1440369668164985,87.906621071398,1104.857142857143,,,,,,,,3492.0,1.1368522106205599,0.2619106983127116,13.0,81.61230435663343,0.0,0.0,375.0,0.0,0.04093464437929235,0.0,0.0,0.0,0.0
3/4,0.1,9,0.9268890660521246,3871,1.0336458505014967,3.6986868830365145,1.0783949464802183,4.771734066529301,0.0,5.438502083283571,1.0783949464802183,85.07076918342248,1106.0,,,,,,,,3446.0,1.041203591029534,0.2587883832023505,12.0,79.77099791540815,0.0,0.0,425.0,0.0,0.04586038463086358,0.0,0.0,0.0,0.0
3/4,0.1,10,1.1894669717059305,3878,1.324582233918681,3.9795498053915543,1.2908968071469076,4.987258796472275,0.00926700990306067,5.512631692742592,1.3153152240156203,89.61156947512497,1108.0,,,,,,,,3495.0,1.318799328035115,0.2620092146298719,14.0,79.54790268491388,0.0,0.0,383.0,0.00926700990306067,0.04182120383983228,1.0,1.8307521450713362,0.0,0.0
3/4,0.1,11,1.0663110991611051,3871,1.1808418118150261,3.841868666184935,1.2309567251945883,4.862069774969046,0.0,5.561565432156321,1.2309567251945883,84.72429307219103,1106.0,,,,,,,,3470.0,1.1895360993811634,0.2597289702195001,12.0,81.33650083885748,0.0,0.0,401.0,0.0,0.044249756712195984,0.0,0.0,0.0,0.0
3/4,0.1,12,1.0840599149573715,3876,1.181589467212356,3.8536748889744343,1.3159144810360717,4.998502092975399,0.0007479629860280397,5.488441362554441,1.3151665180500436,92.1153177480466,1107.7142857142858,,,,,,,,3485.0,1.2056022315200101,0.26305895826956804,10.0,82.20293494027365,0.0,0.0,391.0,0.0007479629860280397,0.04257317696887405,1.0,0.7260579143247872,0.0,0.0
3/4,0.1,13,1.3057535167887748,3883,1.419308196738164,4.0825694797936265,1.5006321704573593,5.150238962759351,0.0,5.485335412123256,1.5006321704573593,91.01492382031796,1109.4285714285713,,,,,,,,3534.0,1.4347031425271117,0.26645054285724734,15.0,79.85942794174834,0.0,0.0,349.0,0.0,0.03798377100855179,0.0,0.0,0.0,0.0
3/4,0.1,14,1.0572276554548394,3857,1.2015751204636695,3.877545659180187,1.109357278057607,4.770517484869945,0.0,5.49207568907226,1.2015751204636695,84.75055190926768,1102.0,,,,,,,,3443.0,1.1843529094072947,0.2604985058567874,14.0,79.78324886941354,0.0,0.0,414.0,0.0,0.04511347887452223,0.0,0.0,0.0,0.0
3/4,0.1,15,1.0662033069894297,3865,1.206351973123785,3.877079890628512,1.104572617943458,4.753581240538476,0.0,5.526346832924596,1.206351973123785,85.75533913437815,1104.2857142857142,,,,,,,,3465.0,1.1892859398309221,0.25985326253469093,13.0,84.41713655776563,0.0,0.0,400.0,0.0,0.04385989549940174,0.0,0.0,0.0,0.0
3/4,0.1,16,1.0214302634229935,3875,1.1126836495550463,3.763942866431667,1.1893533883551533,4.84973069359164,0.0,5.510811842444607,1.1893533883551533,88.93548476498852,1107.142857142857,,,,,,,,3514.0,1.1263637651576837,0.26320745845254184,11.0,80.93322947640375,0.0,0.0,361.0,0.0,0.039472283236557645,0.0,0.0,0.0,0.0
3/4,0.1,17,1.0652256732308598,3881,1.197040025369585,3.8664527100149955,1.1718916267760244,4.834570365637873,0.0002725548047402047,5.4837263041419195,1.1967674705648448,83.00930665893614,1108.857142857143,,,,,,,,3466.0,1.1927373709073859,0.2603489718288711,13.0,81.06564416140344,0.0,0.0,415.0,0.0002725548047402047,0.045151454483629574,1.0,0.4617431941590509,0.0,0.0
3/4,0.1,18,1.164506833223689,3869,1.2704080482151197,3.936703278009735,1.3255086599111447,5.039050712025124,0.0022963926674492543,5.444933623145182,1.3232122672436955,94.79539730268645,1105.4285714285713,,,,,,,,3519.0,1.2801003695108968,0.26536874858896664,14.0,83.55220912750893,0.0,0.0,350.0,0.0022963926674492543,0.03779609187831756,1.0,0.10985928871998742,0.0,0.0
3/4,0.1,19,1.1012643810410967,3856,1.2253830561770336,3.8940926233032025,1.267597481487237,4.901351418428007,0.0,5.48897760147178,1.267597481487237,86.89400767970005,1101.7142857142858,,,,,,,,3443.0,1.233364929797987,0.2596987017027694,12.0,82.1388823767185,0.0,0.0,413.0,0.0,0.04497912201206027,0.0,0.0,0.0,0.0
3/4,0.1,20,1.201479923125338,3871,1.3444004540981314,4.011861444210612,1.286179746104173,4.950201900939522,0.0013191276336335953,5.537240385885839,1.3430813264644978,89.38787149703293,1106.0,,,,,,,,3485.0,1.3344102149645913,0.2616943155303257,14.0,80.83052552692457,0.0,0.0,386.0,0.0013191276336335953,0.04239812709693147,1.0,2.18727891803303,0.0,0.0
3/4,0.1,21,1.1838838156202793,3865,1.2942457407694565,3.9637139862312063,1.4624906953899781,5.0939826103608015,0.0,5.469912394966879,1.4624906953899781,87.64363305954325,1104.2857142857142,,,,,,,,3456.0,1.3239904361609893,0.25961583911073677,15.0,84.55274264319632,0.0,0.0,409.0,0.0,0.04438877320518741,0.0,0.0,0.0,0.0
3/4,0.1,22,1.0018040106256303,3877,1.1086877035220148,3.773245302466281,1.1329023304258723,4.764586189771434,0.0,5.469328285417002,1.1329023304258723,86.51043910111298,1107.7142857142858,,,,,,,,3490.0,1.1128923063597618,0.26151810936821884,12.0,81.33208405377326,0.0,0.0,387.0,0.0,0.04199662790588044,0.0,0.0,0.0,0.0
3/4,0.1,23,1.0910491931131838,3877,1.1911045140450707,3.85288224008264,1.2958117942720344,4.920061857595412,0.003382758422732261,5.547112955534849,1.2924290358493022,84.87384522746441,1107.4285714285713,,,,,,,,3499.0,1.208550739930272,0.26123059672697,13.0,80.01406398684549,0.0,0.0,378.0,0.003382758422732261,0.04157797647834081,1.0,0.1537628058830478,0.0,0.0
3/4,0.1,24,1.0683094312428911,3865,1.2135417227045397,3.8790911573515166,1.0965893426130866,4.818889715645002,0.00234912577644552,5.467282410889465,1.2111925969280943,82.77768143027633,1104.2857142857142,,,,,,,,3462.0,1.1923943541495858,0.26163117011049886,13.0,83.3497018410137,0.0,0.0,403.0,0.00234912577644552,0.043697780037709195,1.0,1.26489200774479,0.0,0.0
3/4,0.1,25,1.1196501152053173,3888,1.2261412496154545,3.8840828841735124,1.3075507453999464,4.949154410599262,0.0020288971436792434,5.445803847709798,1.3055218482562672,87.00498565671269,1110.857142857143,,,,,,,,3508.0,1.2407151274240809,0.2630105558008563,13.0,81.98820993112703,0.0,0.0,380.0,0.0020288971436792434,0.041044334944744354,1.0,1.551069945090743,0.0,0.0
3/4,0.1,26,1.2534911200300287,3895,1.3899587036450136,4.056037506466233,1.4209742431644046,5.095852959774436,0.004086149097545685,5.4892049068680695,1.416888094066859,92.58954549070047,1112.857142857143,,,,,,,,3497.0,1.3956881970763908,0.2638878920045874,14.0,84.60885934635874,0.0,0.0,398.0,0.004086149097545685,0.04331502511096568,1.0,0.7072778787623275,0.0,0.0
3/4,0.1,27,1.1053014750906462,3893,1.2349597577816425,3.89549776018512,1.2312599780960178,4.91261752478472,0.0,5.490069549128826,1.2349597577816425,84.45061420554309,1112.0,,,,,,,,3486.0,1.2343484344600937,0.2608704661467778,15.0,79.58681698406137,0.0,0.0,407.0,0.0,0.04433449020824263,0.0,0.0,0.0,0.0
3/4,0.1,28,0.9509970836762291,3882,1.0479308074714895,3.7170217615458596,1.1089962568926142,4.783441950464246,0.0,5.4962362339347495,1.1089962568926142,81.9368562577104,1109.142857142857,,,,,,,,3489.0,1.0581171335142223,0.261840603099282,13.0,83.79269438432972,0.0,0.0,393.0,0.0,0.04285755634794348,0.0,0.0,0.0,0.0
3/4,0.1,29,1.2550423717419399,3870,1.3892746420191693,4.062645765582415,1.3638605868769267,5.075733215781006,0.0,5.607306938414433,1.3892746420191693,95.29115952502485,1105.7142857142858,,,,,,,,3507.0,1.38494838284611,0.2644311621435126,14.0,84.47237213848818,0.0,0.0,363.0,0.0,0.04038596068738986,0.0,0.0,0.0,0.0
2/5,0.1,0,8.320464527074844,3875,9.169133869950588,11.840032541129714,9.992516783715123,13.649744551682138,0.0,5.533502931762946,9.992516783715123,293.9151499557596,1107.142857142857,,,,,,,,3463.0,9.310366746293681,0.3902857770549728,35.0,102.93591374652509,0.0,0.0,412.0,0.0,0.03618735250613238,0.0,0.0,0.0,0.0
2/5,0.1,1,9.499508187843405,3902,10.46801975204995,13.133173630003817,10.837178739845896,14.493443099216108,0.0035740551080050884,5.483988257417018,10.83360468473789,303.93625143530727,1114.857142857143,,,,,,,,3518.0,10.536017200626349,0.39754964026188416,37.0,102.90066070325692,0.0,0.0,384.0,0.0035740551080050884,0.033404429423597684,1.0,1.4644898588268758,0.0,0.0
2/5,0.1,2,9.016323762369048,3889,10.086089513406934,12.751344082923401,10.111541428297507,13.760710188434965,0.0,5.463097579808539,10.111541428297507,297.52758818940964,1111.142857142857,,,,,,,,3475.0,10.090498737223948,0.39103476078664895,35.0,102.46783079562425,0.0,0.0,414.0,0.0,0.03590035552445616,0.0,0.0,0.0,0.0
2/5,0.1,3,9.069885061590899,3880,9.913071591796125,12.591427304385595,10.47439546215864,14.125976913263663,0.0,5.589522699206414,10.47439546215864,309.17525095343115,1108.5714285714287,,,,,,,,3516.0,10.008860648171982,0.39686643367356694,32.0,103.70843612230978,0.0,0.0,364.0,0.0,0.03229502003985937,0.0,0.0,0.0,0.0
2/5,0.1,4,9.403047902216326,3890,10.405531239986818,13.071081951525482,10.019049694388341,13.689700501544426,0.0,5.571458666250637,10.405531239986818,311.722830802277,1111.4285714285713,,,,,,,,3538.0,10.33856877886419,0.39868431650941605,39.0,105.56768881116362,0.0,0.0,352.0,0.0,0.031129419849527593,0.0,0.0,0.0,0.0
2/5,0.1,5,9.407563216072937,3880,10.45946354246111,13.13301207793626,10.11854135588773,13.777624213217472,0.0,5.477636169349578,10.45946354246111,309.0173271837843,1108.5714285714287,,,,,,,,3510.0,10.399243669049289,0.3966343904391904,36.0,103.24732055351674,0.0,0.0,370.0,0.0,0.03217024416919588,0.0,0.0,0.0,0.0
2/5,0.1,6,8.621490114554023,3906,9.636122383042244,12.30085617499226,9.555219436778582,13.193941115897054,0.0,5.437876551180122,9.636122383042244,299.8454771741409,1116.0,,,,,,,,3500.0,9.621582967842288,0.3944129624148432,34.0,102.82031901574275,0.0,0.0,406.0,0.0,0.03504409332982746,0.0,0.0,0.0,0.0
2/5,0.1,7,8.832736310645613,3876,9.763315141237205,12.434253467619191,10.028041242288273,13.686518562978645,0.0,5.460147859694027,10.028041242288273,301.7705798780666,1107.4285714285713,,,,,,,,3491.0,9.806842148399426,0.3925036936560529,42.0,101.95779340985781,0.0,0.0,385.0,0.0,0.03336757025368571,0.0,0.0,0.0,0.0
2/5,0.1,8,9.197977945988095,3867,10.141086659428254,12.811860474026336,10.411287876780934,14.076658286949204,0.0,5.501616204576914,10.411287876780934,300.1510316065635,1104.857142857143,,,,,,,,3492.0,10.185733309603656,0.39286604746906745,30.0,103.11892928436181,0.0,0.0,375.0,0.0,0.03274771550343388,0.0,0.0,0.0,0.0
2/5,0.1,9,8.518981906155773,3871,9.530645406249869,12.195686438784888,9.761530094895832,13.454869214944917,0.0,5.438502083283571,9.761530094895832,302.39797326503486,1106.0,,,,,,,,3446.0,9.569639860339233,0.38818257480352575,33.0,101.85378098249825,0.0,0.0,425.0,0.0,0.036688307704690865,0.0,0.0,0.0,0.0
2/5,0.1,10,9.331053855678554,3878,10.379870641872046,13.034838213344921,10.226835573503093,13.923197562828461,0.0,5.503364682839532,10.379870641872046,299.6600057739381,1108.0,,,,,,,,3495.0,10.353598527130595,0.39301382194480794,34.0,101.62799894115894,0.0,0.0,383.0,0.0,0.033456963071865825,0.0,0.0,0.0,0.0
2/5,0.1,11,8.69210599534714,3871,9.81322237746505,12.474249231834959,9.140897889400359,12.772010939174816,0.0,5.561565432156321,9.81322237746505,298.30484768673864,1106.0,,,,,,,,3470.0,9.69658279769129,0.38959345532925016,34.0,102.4291196704325,0.0,0.0,401.0,0.0,0.03539980536975679,0.0,0.0,0.0,0.0
2/5,0.1,12,9.303124585639583,3876,10.143129137988216,12.815214559750297,11.2829459085341,14.965533520473427,0.0,5.487693399568413,11.2829459085341,301.9425041801477,1107.7142857142858,,,,,,,,3485.0,10.346889783052804,0.39458843740435223,33.0,103.25381844516333,0.0,0.0,391.0,0.0,0.03405854157509924,0.0,0.0,0.0,0.0
2/5,0.1,13,9.576121294054607,3883,10.489566283683768,13.15282756673923,10.659897731031462,14.309504523333453,0.0,5.485335412123256,10.659897731031462,314.7917023441995,1109.4285714285713,,,,,,,,3534.0,10.521810691797974,0.39967581428587107,40.0,102.38539135166909,0.0,0.0,349.0,0.0,0.030387016806841433,0.0,0.0,0.0,0.0
2/5,0.1,14,8.56817776549772,3857,9.67964928606129,12.355619824777808,9.244857916878834,12.90601812369117,0.0,5.49207568907226,9.67964928606129,301.5498416167885,1102.0,,,,,,,,3443.0,9.598449503782954,0.3907477587851811,34.0,101.00902954120777,0.0,0.0,414.0,0.0,0.03609078309961779,0.0,0.0,0.0,0.0
2/5,0.1,15,8.381799060794489,3865,9.371840064903106,12.042567982407833,9.23798041788321,12.886989040478227,0.0,5.526346832924596,9.371840064903106,292.5624756968485,1104.2857142857142,,,,,,,,3465.0,9.349394911968457,0.3897798938020364,30.0,102.15845063795919,0.0,0.0,400.0,0.0,0.03508791639952139,0.0,0.0,0.0,0.0
2/5,0.1,16,9.078705438798542,3875,10.007415985046219,12.65867520192284,10.029623008797305,13.69000031403379,0.0,5.510811842444607,10.029623008797305,308.01221640045793,1107.142857142857,,,,,,,,3514.0,10.011378365208978,0.3948111876788127,35.0,102.23285393518138,0.0,0.0,361.0,0.0,0.031577826589246114,0.0,0.0,0.0,0.0
2/5,0.1,17,8.473060470537538,3881,9.501291397578782,12.170704082224193,9.421142497322672,13.083821236184521,0.0,5.48345374933718,9.501291397578782,299.2494890196173,1108.857142857143,,,,,,,,3466.0,9.487578674597861,0.39052345774330677,32.0,99.80253405240857,0.0,0.0,415.0,0.0,0.036121163586903655,0.0,0.0,0.0,0.0
2/5,0.1,18,9.172918926110277,3869,10.028882457384828,12.695177687179445,10.349376734579414,14.062918786693393,0.0,5.442637230477733,10.349376734579414,312.8138265195163,1105.4285714285713,,,,,,,,3519.0,10.085258120238892,0.39805312288344996,35.0,104.42545147667315,0.0,0.0,350.0,0.0,0.03023687350265405,0.0,0.0,0.0,0.0
2/5,0.1,19,8.873308092739403,3856,9.85112777196988,12.519837339096048,10.308951253860577,13.942705190801348,0.0,5.48897760147178,10.308951253860577,297.3413102076413,1101.7142857142858,,,,,,,,3443.0,9.937692711473463,0.3895480525541541,32.0,103.78492299861476,0.0,0.0,413.0,0.0,0.03598329760964822,0.0,0.0,0.0,0.0
2/5,0.1,20,8.679596874391825,3871,9.518144192641236,12.185605182753715,10.233841499357041,13.897863654192388,0.0,5.535921258252204,10.233841499357041,295.2956766490514,1106.0,,,,,,,,3485.0,9.640952510981565,0.3925414732954886,35.0,103.20501003871931,0.0,0.0,386.0,0.0,0.033918501677545176,0.0,0.0,0.0,0.0
2/5,0.1,21,8.89146144330417,3865,9.893621837577014,12.563090083038762,10.176995663607231,13.808487578578056,0.0,5.469912394966879,10.176995663607231,294.7555969713287,1104.2857142857142,,,,,,,,3456.0,9.943720624528535,0.3894237586661051,34.0,102.2270569615849,0.0,0.0,409.0,0.0,0.035511018564149927,0.0,0.0,0.0,0.0
2/5,0.1,22,8.783560656456764,3877,9.803618090110165,12.46817568905443,9.538333487137217,13.17001734648278,0.0,5.469328285417002,9.803618090110165,306.64827680372366,1107.7142857142858,,,,,,,,3490.0,9.757554345295953,0.39227716405232826,34.0,102.0613291374879,0.0,0.0,387.0,0.0,0.03359730232470435,0.0,0.0,0.0,0.0
2/5,0.1,23,8.624326835479236,3877,9.394111177675827,12.055888903713397,10.365843819983334,13.990093883306713,0.0,5.543730197112117,10.365843819983334,302.10414278790245,1107.4285714285713,,,,,,,,3499.0,9.556020331852812,0.3918458950904551,38.0,101.36058545307918,0.0,0.0,378.0,0.0,0.03326238118267264,0.0,0.0,0.0,0.0
2/5,0.1,24,8.43634120661857,3865,9.634646026694318,12.300195461341296,8.438662351239108,12.160962724271025,0.0,5.464933285113019,9.634646026694318,300.1814120221183,1104.2857142857142,,,,,,,,3462.0,9.41838785776452,0.39244675516574834,33.0,102.66710585257458,0.0,0.0,403.0,0.0,0.03495822403016736,0.0,0.0,0.0,0.0
2/5,0.1,25,8.754012484415002,3888,9.734080454106412,12.392022088664469,9.556447184043082,13.198050849242396,0.0,5.443774950566119,9.734080454106412,304.96759757421904,1110.857142857143,,,,,,,,3508.0,9.702280655474777,0.39451583370128446,32.0,102.1427154602731,0.0,0.0,380.0,0.0,0.032835467955795485,0.0,0.0,0.0,0.0
2/5,0.1,26,9.557260723012954,3895,10.655622581241559,13.32170138406278,10.59806584677363,14.27294456338366,0.0,5.485118757770524,10.655622581241559,299.5781297097612,1112.857142857143,,,,,,,,3497.0,10.644990139015,0.3958318380068812,35.0,104.3986207247905,0.0,0.0,398.0,0.0,0.034652020088772544,0.0,0.0,0.0,0.0
2/5,0.1,27,9.24135732577088,3893,10.33511429510767,12.99565229751115,10.245523386219984,13.926880932908688,0.0,5.490069549128826,10.33511429510767,301.3365745527848,1112.0,,,,,,,,3486.0,10.320310977976488,0.3913056992201666,35.0,101.84589093950352,0.0,0.0,407.0,0.0,0.035467592166594106,0.0,0.0,0.0,0.0
2/5,0.1,28,8.108871018046834,3882,9.054404990866459,11.72349594494083,8.861652892798995,12.536098586370626,0.0,5.4962362339347495,9.054404990866459,300.52276631541656,1109.142857142857,,,,,,,,3489.0,9.022252018359936,0.39276090464892294,31.0,103.03349772077704,0.0,0.0,393.0,0.0,0.03428604507835478,0.0,0.0,0.0,0.0
2/5,0.1,29,9.43551704386819,3870,10.526058407806367,13.199429531369612,9.856986588029091,13.56885921693317,0.0,5.607306938414433,10.526058407806367,310.5934329055555,1105.7142857142858,,,,,,,,3507.0,10.412161665175333,0.3966467432152689,35.0,104.02685587382008,0.0,0.0,363.0,0.0,0.03230876854991189,0.0,0.0,0.0,0.0
Undivided,0.2,0,0.03392865195776792,3875,0.03420796392481172,2.706325248409925,0.038078105995946916,3.6714242027593564,0.03030023601217341,5.567392782437221,0.007777869983773507,0.0,1107.142857142857,3875.0,0.03392865195776792,0.14866071717685142,5.0,32.93678321093215,0.0,0.0,,,,,,,,,,,,,,
Undivided,0.2,1,0.030365739262174885,3902,0.024913282021918667,2.692539321918874,0.02804671683213579,3.669124681803144,0.04929514258044926,5.534091449670357,0.02438186055853059,0.0,1114.857142857143,3902.0,0.030365739262174885,0.1500195202687936,6.0,32.34801835336989,0.0,0.0,,,,,,,,,,,,,,
Undivided,0.2,2,0.016978744895596337,3889,0.016154764125883937,2.6783842451376514,0.01484819542252442,3.686243771934466,0.021021042775986418,5.498564959977144,0.006172847353461998,0.0,1111.142857142857,3889.0,0.016978744895596337,0.14895116250493068,5.0,32.26827405658321,0.0,0.0,,,,,,,,,,,,,,
Undivided,0.2,3,0.015969582240746866,3880,0.015617737758224864,2.69334452841225,0.01893201998291175,3.6897039689137,0.01509767548006496,5.554184012995437,0.00383434450284679,0.0,1108.5714285714287,3880.0,0.015969582240746866,0.14839749232256616,4.0,24.7519868405465,0.0,0.0,,,,,,,,,,,,,,
Undivided,0.2,4,0.042887193387500085,3890,0.04262089790187241,2.706889814489558,0.02558649355697348,3.7139004073909305,0.055649570483406394,5.578661220775843,0.030063076926432914,0.0,1111.4285714285713,3890.0,0.042887193387500085,0.1482643938454842,8.0,28.259393593875636,0.0,0.0,,,,,,,,,,,,,,
Undivided,0.2,5,0.023868125771064137,3880,0.02201877851442558,2.6945611638859837,0.031190407276459813,3.702068166194726,0.025012716804188474,5.515598217267098,0.009171628762034232,0.0,1108.5714285714287,3880.0,0.023868125771064137,0.14817997434484423,4.0,33.27545501348662,0.0,0.0,,,,,,,,,,,,,,
Undivided,0.2,6,0.020674389000766184,3906,0.022886748905448166,2.6820692276209233,0.024072409710255618,3.716563297799101,0.011511527831924563,5.4647659458789715,0.012560881878331055,0.0,1116.0,3906.0,0.020674389000766184,0.14936818591956189,4.0,29.510901356498152,0.0,0.0,,,,,,,,,,,,,,
Undivided,0.2,7,0.021318696109832957,3876,0.02329791158924891,2.6954434709200408,0.022770258977418585,3.6989820258089017,0.013517628620474453,5.462985327179217,0.009780282968774458,0.0,1107.4285714285713,3876.0,0.021318696109832957,0.14722256859827504,4.0,32.69674212746337,0.0,0.0,,,,,,,,,,,,,,
Undivided,0.2,8,0.02221801190870093,3867,0.02083151911135737,2.6919982372367928,0.03928813173232031,3.7021500773552245,0.01491896048566951,5.523324487197208,0.024369171246650802,0.0,1104.857142857143,3867.0,0.02221801190870093,0.14745765343930686,4.0,34.043381168188716,0.0,0.0,,,,,,,,,,,,,,
Undivided,0.2,9,0.01811306176515783,3871,0.018408992201669992,2.6848145996975017,0.017202322900304174,3.6896304677769614,0.01779377853906404,5.498646571039676,0.0012066693013658182,0.0,1106.0,3871.0,0.01811306176515783,0.14865125567871829,4.0,33.39577323443923,0.0,0.0,,,,,,,,,,,,,,
Undivided,0.2,10,0.024365176481177635,3878,0.02641474337806217,2.680811000411567,0.018240697338246948,3.7093009478411,0.021707391919414752,5.525781547987231,0.008174046039815221,0.0,1108.0,3878.0,0.024365176481177635,0.14744664105372893,5.0,31.968358693826758,0.0,0.0,,,,,,,,,,,,,,
Undivided,0.2,11,0.026581141609126474,3871,0.02663386102622898,2.688685748260501,0.024061396551902037,3.668997565170699,0.028107915149908205,5.520233336677262,0.004046518598006168,0.0,1106.0,3871.0,0.026581141609126474,0.14784255480052533,4.0,29.969574188784325,0.0,0.0,,,,,,,,,,,,,,
Undivided,0.2,12,0.01660666434572805,3876,0.015446720047269458,2.686454895750829,0.015707097992401678,3.6959201601242295,0.02111554656580404,5.539893467252397,0.005668826518534583,0.0,1107.7142857142858,3876.0,0.01660666434572805,0.14891430573783812,3.0,30.46539473276874,0.0,0.0,,,,,,,,,,,,,,
Undivided,0.2,13,0.02726918214856694,3883,0.025405407744028958,2.6896012210506437,0.02640349999133261,3.6659362477926063,0.03400063548767507,5.521750178871593,0.00859522774364611,0.0,1109.4285714285713,3883.0,0.02726918214856694,0.14829033782286077,6.0,30.265442066891744,0.0,0.0,,,,,,,,,,,,,,
Undivided,0.2,14,0.01800331309122445,3857,0.019749483903126065,2.6954769812350494,0.012221386134205309,3.687613677988487,0.016639702471967808,5.504558679747973,0.007528097768920756,0.0,1102.0,3857.0,0.01800331309122445,0.1488573737767542,4.0,29.357117016538318,0.0,0.0,,,,,,,,,,,,,,
Undivided,0.2,15,0.025277368732697512,3865,0.027372370030496293,2.696151661813678,0.016329957109731327,3.6937974798349424,0.0244699551856456,5.5262111738827535,0.011042412920764966,0.0,1104.2857142857142,3865.0,0.025277368732697512,0.14807213847618142,4.0,33.532467421551225,0.0,0.0,,,,,,,,,,,,,,
Undivided,0.2,16,0.01904200436005064,3875,0.01810347755675669,2.6670256488180843,0.01881000716521425,3.6868027809985033,0.022432422705790083,5.51714408460634,0.004328945149033394,0.0,1107.142857142857,3875.0,0.01904200436005064,0.1472260999287177,6.0,27.275830894813467,0.0,0.0,,,,,,,,,,,,,,
Undivided,0.2,17,0.02255308075643236,3881,0.021245817912485594,2.688694383178523,0.01956119687992043,3.724859806952412,0.028726832115611448,5.494061638964611,0.009165635235691017,0.0,1108.857142857143,3881.0,0.02255308075643236,0.14836121055938362,5.0,32.99573872234773,0.0,0.0,,,,,,,,,,,,,,
Undivided,0.2,18,0.03004890731896093,3869,0.03234027452383022,2.701204179991742,0.028328491449712407,3.7036835066908496,0.023309389739534357,5.528943970437978,0.00903088478429586,0.0,1105.4285714285713,3869.0,0.03004890731896093,0.14713325667878133,5.0,34.356130954159376,0.0,0.0,,,,,,,,,,,,,,
Undivided,0.2,19,0.0336278605443223,3856,0.03371473942349126,2.7044015584732546,0.026361113359087602,3.6565485840683123,0.03818591786706866,5.5167833607528545,0.011824804507981058,0.0,1101.7142857142858,3856.0,0.0336278605443223,0.14909165792010348,8.0,31.457405534906474,0.0,0.0,,,,,,,,,,,,,,
Undivided,0.2,20,0.034047107625937156,3871,0.031820885103175774,2.698926661132651,0.024890266145084786,3.706585437496075,0.04748769966058886,5.549253776124882,0.022597433515504077,0.0,1106.0,3871.0,0.034047107625937156,0.14792949968535038,5.0,34.53655648554332,0.0,0.0,,,,,,,,,,,,,,
Undivided,0.2,21,0.03215489229928008,3865,0.02603025128349739,2.6975927134840036,0.06438925377310521,3.6991784881015657,0.030276791036190426,5.488570477372343,0.03835900248960782,0.0,1104.2857142857142,3865.0,0.03215489229928008,0.14881775505677886,5.0,29.28251016997497,0.0,0.0,,,,,,,,,,,,,,
Undivided,0.2,22,0.0242030967244275,3877,0.024516421041945412,2.6874470424174692,0.021613200556643185,3.6684064057039154,0.025052744132966438,5.498729619689879,0.0034395435763232528,0.0,1107.7142857142858,3877.0,0.0242030967244275,0.1475412596693123,5.0,31.80702736001399,0.0,0.0,,,,,,,,,,,,,,
Undivided,0.2,23,0.026037696154138243,3877,0.023977689859143378,2.691340137466438,0.027353838087473263,3.6336012704318192,0.032223603190670164,5.512678612358661,0.008245913331526786,0.0,1107.4285714285713,3877.0,0.026037696154138243,0.14676782229307447,4.0,32.356633356485574,0.0,0.0,,,,,,,,,,,,,,
Undivided,0.2,24,0.026070156984953255,3865,0.024234099352397964,2.6876668596443056,0.022773329953979557,3.724025135540436,0.03418760148403831,5.57393442557968,0.01141427153005875,0.0,1104.2857142857142,3865.0,0.026070156984953255,0.14865431664073528,5.0,30.75266507161472,0.0,0.0,,,,,,,,,,,,,,
Undivided,0.2,25,0.022741518502185108,3888,0.022974806419117002,2.6783673113406414,0.020241167430240438,3.684235698926002,0.023720091091088195,5.480733568811944,0.003478923660847757,0.0,1110.857142857143,3888.0,0.022741518502185108,0.14850981180416586,5.0,31.63835231111348,0.0,0.0,,,,,,,,,,,,,,
Undivided,0.2,26,0.024473822635235183,3895,0.025801465748272242,2.6906461582250176,0.02715155900443873,3.722486576297726,0.01825461315864317,5.498435041025361,0.008896945845795558,0.0,1112.857142857143,3895.0,0.024473822635235183,0.14945111446450646,6.0,32.12180249464871,0.0,0.0,,,,,,,,,,,,,,
Undivided,0.2,27,0.018499850362211846,3893,0.01842711163026912,2.6781173895104744,0.00899594037806566,3.676787918865446,0.02486153835577857,5.539337951565621,0.01586559797771291,0.0,1112.0,3893.0,0.018499850362211846,0.14887595969953518,5.0,30.86777367497793,0.0,0.0,,,,,,,,,,,,,,
Undivided,0.2,28,0.023618153437064148,3882,0.020699871049736616,2.6916881003263007,0.03223159627761782,3.710467537912002,0.027357031347399887,5.505027350073393,0.011531725227881203,0.0,1109.142857142857,3882.0,0.023618153437064148,0.14833143369032126,4.0,32.493126988243425,0.0,0.0,,,,,,,,,,,,,,
Undivided,0.2,29,0.021909572273315383,3870,0.023285835975506743,2.699390307277057,0.027084195267575228,3.679070287461812,0.013460171122309069,5.630942677456144,0.013624024145266159,0.0,1105.7142857142858,3870.0,0.021909572273315383,0.14881788727520148,5.0,31.750010775484522,0.0,0.0,,,,,,,,,,,,,,
6/1,0.2,0,2.2689470137523395,3875,0.013200068283177439,2.6853173527682905,0.011374724337492913,3.6447208211009023,11.093001229896517,16.630093776321562,11.081626505559024,215.0315940844603,1107.142857142857,,,,,,,,3086.0,0.012894266980546557,0.11564959306704935,5.0,15.801652544903058,0.0,0.0,789.0,11.093001229896517,0.34672746183566405,13.0,93.21358894177713,0.0,0.0
6/1,0.2,1,2.121091893016754,3902,0.01309104565749526,2.68071708555445,0.012056930727928586,3.6531348956989365,10.347306672408562,15.832102979498469,10.335249741680634,209.08612948406991,1114.857142857143,,,,,,,,3106.0,0.012892612786271263,0.117272801947937,6.0,18.048190252308537,0.0,0.0,796.0,10.347306672408562,0.3464998301939332,12.0,92.04780849644213,0.0,0.0
6/1,0.2,2,2.031519620281942,3889,0.004561862174252232,2.6667913431860195,0.006537124106708504,3.67793270061865,9.856809059977254,15.33435297717841,9.852247197803,207.8409798880555,1111.142857142857,,,,,,,,3089.0,0.004898852474804014,0.11581292856050204,3.0,17.644090791125468,0.0,0.0,800.0,9.856809059977254,0.34778056617150244,11.0,93.5666689663455,0.0,0.0
6/1,0.2,3,2.2171943523956528,3880,0.005836476679714256,2.6835632673337395,0.007742508744840259,3.678514457675629,11.308941160146462,16.848027497661832,11.303104683466747,204.5859454706687,1108.5714285714287,,,,,,,,3121.0,0.006160764736933708,0.11751973932111312,3.0,17.488027575343285,0.0,0.0,759.0,11.308941160146462,0.33366401033128446,13.0,94.4032074015281,0.0,0.0
6/1,0.2,4,2.105306400231851,3890,0.009395619969404433,2.6736645365570904,0.007452027134226493,3.6957659409681836,10.710324085429876,16.233335735722314,10.70287205829565,197.1467842564657,1111.4285714285713,,,,,,,,3128.0,0.00907127359473599,0.11730667539218072,3.0,17.032946073006087,0.0,0.0,762.0,10.710324085429876,0.3340107045653053,13.0,95.04714380920373,0.0,0.0
6/1,0.2,5,1.957185681003938,3880,0.009873392475343582,2.6824157778469018,0.01574801683425804,3.6866257757525243,9.818252943068021,15.308838443530929,9.808379550592678,202.99839094143502,1108.5714285714287,,,,,,,,3110.0,0.010876423193859201,0.11695400663834431,4.0,19.64749604959229,0.0,0.0,770.0,9.818252943068021,0.3355357805838438,9.0,94.77827117286901,0.0,0.0
6/1,0.2,6,2.5212838887383415,3906,0.009016517883500025,2.6681989965989747,0.012360359516450158,3.704851247605296,12.091821618941713,17.54507603698876,12.082805101058213,221.57887999640067,1116.0,,,,,,,,3094.0,0.009559054567320634,0.11569089167527978,3.0,16.94868614065356,0.0,0.0,812.0,12.091821618941713,0.3514319513852545,16.0,94.29869582957197,0.0,0.0
6/1,0.2,7,1.6146835981603365,3876,0.01471318858238067,2.6868587479131723,0.011863017298752075,3.688074784130235,8.219719137814318,13.66918683637306,8.207856120515565,187.4197402789998,1107.4285714285713,,,,,,,,3120.0,0.014232678936486875,0.11726498637906685,5.0,21.929847000128607,0.0,0.0,756.0,8.219719137814318,0.3269680619135242,8.0,90.82575810867314,0.0,0.0
6/1,0.2,8,1.8693506750787994,3867,0.014242468932391592,2.6854091870578265,0.013131095328595691,3.6759930409515,9.49151564634188,14.999921173053417,9.478384551013283,198.35393642804235,1104.857142857143,,,,,,,,3110.0,0.014051998793863226,0.11687701123844262,4.0,21.613592262174627,0.0,0.0,757.0,9.49151564634188,0.3309415066444924,12.0,92.6331815190588,0.0,0.0
6/1,0.2,9,2.017513601479911,3871,0.008160709530987903,2.6745663170268195,0.006023358153522249,3.678451503030179,9.768970780462285,15.2498235729629,9.762947422308763,216.63086440419528,1106.0,,,,,,,,3074.0,0.0077831617762826825,0.11564551686825354,3.0,18.677412355441895,0.0,0.0,797.0,9.768970780462285,0.34668568854150694,10.0,93.2643581900236,0.0,0.0
6/1,0.2,10,2.0194847588474683,3878,0.010364692940345168,2.66476094997385,0.006104963960131049,3.6971652144629843,10.319432272371825,15.823506428439643,10.313327308411694,193.01809503718337,1108.0,,,,,,,,3122.0,0.00963199772497842,0.11698033966867216,4.0,19.308072362491107,0.0,0.0,756.0,10.319432272371825,0.3302444493640696,14.0,93.94011169927639,0.0,0.0
6/1,0.2,11,2.1120065648355713,3871,0.008761310571809133,2.670813197806081,0.01132383740014723,3.6562600060189445,10.405069567391298,15.89719498891865,10.396308256819488,204.65107832015735,1106.0,,,,,,,,3088.0,0.00919946282743171,0.11560025302050818,3.0,21.916817839393538,0.0,0.0,783.0,10.405069567391298,0.34129636548062836,15.0,90.36469616298919,0.0,0.0
6/1,0.2,12,2.3980842814117205,3876,0.004083478174291915,2.6750916538778515,0.0056960656765930534,3.6859091278084204,12.116610484338674,17.635388405025267,12.112527006164381,209.4575271032183,1107.7142857142858,,,,,,,,3110.0,0.004389403134535539,0.11775484536284037,3.0,18.27607979197925,0.0,0.0,766.0,12.116610484338674,0.3358710679878249,12.0,96.02049439150393,0.0,0.0
6/1,0.2,13,2.3374560010447345,3883,0.005949557901295893,2.670145371207911,0.0010821273629933194,3.6406148751642666,11.645951451156536,17.133700994540455,11.644869323793543,203.24566381392316,1109.4285714285713,,,,,,,,3105.0,0.005085804527188093,0.1165309345399951,3.0,19.30977478091684,0.0,0.0,778.0,11.645951451156536,0.33884675752005483,15.0,92.74653374152663,0.0,0.0
6/1,0.2,14,2.1822666445639833,3857,0.010098695212710826,2.685826192544634,0.010500023347854,3.685892315202136,10.508626302044169,15.99654527932017,10.498527606831457,210.1636886689008,1102.0,,,,,,,,3059.0,0.010172820873500592,0.11573890242385532,2.0,22.005743049417454,0.0,0.0,798.0,10.508626302044169,0.3475682018941474,10.0,92.64521816780679,0.0,0.0
6/1,0.2,15,2.583631532523065,3865,0.007581289505600362,2.6763605812887823,0.005278454148636188,3.6827459768738473,12.757453359071514,18.25919457776862,12.752174904922878,208.91130078858836,1104.2857142857142,,,,,,,,3084.0,0.007187029755769919,0.11591405716662355,3.0,18.690790528811227,0.0,0.0,781.0,12.757453359071514,0.3410206263335287,16.0,96.30483235891869,0.0,0.0
6/1,0.2,16,1.8148137550600967,3875,0.008102740411526973,2.6570249116728544,0.00936637049540885,3.677359144328698,9.42970882636482,14.92442048826537,9.421606085953293,187.24788988609785,1107.142857142857,,,,,,,,3132.0,0.008342797850834034,0.11776152445662423,4.0,18.211960761159794,0.0,0.0,743.0,9.42970882636482,0.3240135527612787,9.0,86.75951612440055,0.0,0.0
6/1,0.2,17,2.1873690884928108,3881,0.009013051059274552,2.676461616325312,0.007198541194148691,3.7124971512666405,10.698151926813994,16.163486733662992,10.690953385619846,210.279005284692,1108.857142857143,,,,,,,,3090.0,0.00871885382871531,0.11590448332169409,3.0,17.562332865499936,0.0,0.0,791.0,10.698151926813994,0.3431015739855209,12.0,96.67404693191135,0.0,0.0
6/1,0.2,18,1.6879633449627731,3869,0.010161698706634666,2.6790256041745466,0.012103630953666624,3.6874586461948042,8.687157839085058,14.192792419783501,8.676996140378424,177.29556446966774,1105.4285714285713,,,,,,,,3121.0,0.010488983667204615,0.11718172715219675,3.0,25.43759208644724,0.0,0.0,748.0,8.687157839085058,0.3268424338382888,12.0,92.34496700240841,0.0,0.0
6/1,0.2,19,2.7395246039592296,3856,0.009970536114636441,2.6806573551643993,0.005569094246251525,3.635756564955477,12.72443536364422,18.203032806530008,12.718866269397969,244.18381844171597,1101.7142857142858,,,,,,,,3028.0,0.009172520399397564,0.11393658129422875,5.0,18.75495546339799,0.0,0.0,828.0,12.72443536364422,0.36002211767535197,13.0,96.83187432364814,0.0,0.0
6/1,0.2,20,2.131576185479382,3871,0.009573196691076957,2.6766789727205524,0.013252269741689185,3.6949474410926797,10.578924812038007,16.0806908885023,10.56935161534693,205.29261191296064,1106.0,,,,,,,,3094.0,0.010183204601537226,0.11603848718035921,4.0,19.329766989402426,0.0,0.0,777.0,10.578924812038007,0.33927557471529746,13.0,89.86861420820722,0.0,0.0
6/1,0.2,21,2.5926431402399226,3865,0.00914365888395687,2.6807061210844636,0.015528972164660784,3.650318206493121,12.137778920919384,17.596072607255536,12.128635262035427,232.23317939597916,1104.2857142857142,,,,,,,,3042.0,0.010247759733940518,0.11420040068985783,3.0,20.12157580272797,0.0,0.0,823.0,12.137778920919384,0.3565218812583052,13.0,94.94391841922032,0.0,0.0
6/1,0.2,22,1.9241424375673686,3877,0.008902584223581566,2.671833205599105,0.01421443832265866,3.6610076434699312,9.762405324003447,15.23608219956036,9.753502739779865,193.3581896712399,1107.7142857142858,,,,,,,,3116.0,0.009855513120046296,0.11703268519225589,4.0,15.974383907842384,0.0,0.0,761.0,9.762405324003447,0.33059270653165107,11.0,91.18712340549064,0.0,0.0
6/1,0.2,23,1.8548423194150543,3877,0.012679113129367748,2.6800415607366626,0.014463457950160024,3.620710890294506,9.715197106215504,15.195652115383496,9.702517993086136,183.8681777853031,1107.4285714285713,,,,,,,,3141.0,0.013001783571332096,0.11787443173943826,4.0,19.736956552789668,0.0,0.0,736.0,9.715197106215504,0.3201281656148917,14.0,91.72046150586787,0.0,0.0
6/1,0.2,24,2.0758041288708555,3865,0.00928268068092781,2.6727154409728353,0.01277685789980058,3.714028663486257,10.117220597407716,15.656967421503357,10.107937916726788,212.1590074570701,1104.2857142857142,,,,,,,,3075.0,0.009879247523174381,0.11554114731054632,4.0,20.19912419163296,0.0,0.0,790.0,10.117220597407716,0.3473333326218691,10.0,92.88654657766712,0.0,0.0
6/1,0.2,25,2.0307934650647623,3888,0.012962726581315524,2.66835523150284,0.015583821096916722,3.6795783525926784,9.904374519051798,15.361387996772653,9.891411792470482,209.018196436436,1110.857142857143,,,,,,,,3095.0,0.013426816983431665,0.11602055176315883,4.0,19.81011550957468,0.0,0.0,793.0,9.904374519051798,0.3434453720502082,12.0,94.23177821606633,0.0,0.0
6/1,0.2,26,2.6245809872694252,3895,0.008718687050326772,2.6735633795270726,0.008333594951289915,3.703668612244577,12.955354998051266,18.435535425917983,12.947021403099976,210.21369533629417,1112.857142857143,,,,,,,,3108.0,0.00864818595497543,0.11731066533119529,3.0,16.446058754064815,0.0,0.0,787.0,12.955354998051266,0.34229380926437347,12.0,91.8665336778557,0.0,0.0
6/1,0.2,27,2.787983699756831,3893,0.008312754873323922,2.6680030327535293,0.00316398365923284,3.670955962146613,13.657606589074955,19.172083002284797,13.654442605415722,223.28779314078875,1112.0,,,,,,,,3100.0,0.007464038069968909,0.11584497155851327,3.0,21.25353288740431,0.0,0.0,793.0,13.657606589074955,0.3470618885456667,14.0,90.82622155771534,0.0,0.0
6/1,0.2,28,2.0783637633613803,3882,0.009299729889408338,2.6802879591659723,0.00914180812500507,3.6873777497593894,10.373417234511537,15.851087553237534,10.364275426386532,200.31189073204806,1109.142857142857,,,,,,,,3107.0,0.009272537052602496,0.11689997294277359,4.0,23.634538753789784,0.0,0.0,775.0,10.373417234511537,0.33692019817560726,12.0,88.73446642625791,0.0,0.0
6/1,0.2,29,2.025518175034168,3870,0.008559174641073258,2.684663645942624,0.00854895840530916,3.660535050599546,10.319836600992936,15.93731910732677,10.311287642587626,201.29284889192203,1105.7142857142858,,,,,,,,3113.0,0.008557349961637074,0.1173717381002387,3.0,23.016400067978495,0.0,0.0,757.0,10.319836600992936,0.3374947823249782,11.0,91.5668812068713,0.0,0.0
5/2,0.2,0,0.2164961470186937,3875,0.045021691446173885,2.717138975931287,0.03978992388775101,3.6731360206511607,0.8906089400788976,6.427701486503945,0.8508190161911465,23.828894977100187,1107.142857142857,,,,,,,,3086.0,0.04414520932442903,0.1387795116804592,6.0,41.377467713707574,0.0,0.0,789.0,0.8906089400788976,0.17336373091783192,6.0,53.47788046631695,0.0,0.0
5/2,0.2,1,0.25121842611688716,3902,0.04199084497386936,2.7096168848708246,0.04679894552222148,3.687876910493229,1.0640265154427608,6.548822822532668,1.0220356704688915,26.810582124651752,1114.857142857143,,,,,,,,3106.0,0.04291345538173087,0.1407273623375244,7.0,39.20189927921496,0.0,0.0,796.0,1.0640265154427608,0.17324991509696666,7.0,58.86465052481477,0.0,0.0
5/2,0.2,2,0.18647160835742968,3889,0.030255017811916026,2.6924844988236836,0.0283132140424282,3.6997087905543693,0.7909420818344444,6.268485999035602,0.7626288677920162,23.896620152606456,1111.142857142857,,,,,,,,3089.0,0.02992373565376773,0.13897551427260246,4.0,35.35307727695123,0.0,0.0,800.0,0.7909420818344444,0.17389028308575122,5.0,60.61084304225006,0.0,0.0
5/2,0.2,3,0.2133517750822522,3880,0.029772114084610612,2.707498904738636,0.03740988872414935,3.7081818376549376,0.9628859827766452,6.501972320292016,0.9331138686920346,26.27686156541199,1108.5714285714287,,,,,,,,3121.0,0.031071588078072667,0.14102368718533576,4.0,34.45261583912931,0.0,0.0,759.0,0.9628859827766452,0.1668320051656422,5.0,53.838103387621786,0.0,0.0
5/2,0.2,4,0.25586589389772757,3890,0.04081668915090389,2.7050856057385895,0.03712809489626574,3.725442008730223,1.1411668895000708,6.664178539792508,1.104038794603805,24.190011442001776,1111.4285714285713,,,,,,,,3128.0,0.040201137296389466,0.14076801047061685,4.0,40.41067396955392,0.0,0.0,762.0,1.1411668895000708,0.16700535228265254,8.0,54.86701170379475,0.0,0.0
5/2,0.2,5,0.19818653763418126,3880,0.03931298718761,2.7118553725591683,0.057418133473010405,3.7282958923912766,0.8273851210254657,6.317970621488374,0.7880721338378557,24.838515878743426,1108.5714285714287,,,,,,,,3110.0,0.04240425171415264,0.14034480796601317,5.0,40.60377372730703,0.0,0.0,770.0,0.8273851210254657,0.1677678902919219,5.0,58.713817575685184,0.0,0.0
5/2,0.2,6,0.20034440730379618,3906,0.034429959383637236,2.693612438099112,0.03378535459890814,3.726276242687754,0.8329341775832367,6.286188595630282,0.7991488229843285,23.937378233367983,1116.0,,,,,,,,3094.0,0.03432537256982534,0.13882907001033573,4.0,40.92903420477865,0.0,0.0,812.0,0.8329341775832367,0.17571597569262726,5.0,52.30689870059076,0.0,0.0
5/2,0.2,7,0.13927824474875336,3876,0.05093749414120116,2.723083053471993,0.04753940934018545,3.7237511761716684,0.5062233962049665,5.9556910947637105,0.458683986864781,17.901406618158475,1107.4285714285713,,,,,,,,3120.0,0.05036461189590172,0.14071798365488022,7.0,41.05412338858837,0.0,0.0,756.0,0.5062233962049665,0.1634840309567621,3.0,53.5778424326714,0.0,0.0
5/2,0.2,8,0.1754142970618684,3867,0.041518184831427274,2.7126849029568625,0.06293451142098193,3.725796457043886,0.7104235532896613,6.218829080001199,0.668905368458234,22.096554354794808,1104.857142857143,,,,,,,,3110.0,0.04518857134983005,0.14025241348613116,5.0,38.15970703444816,0.0,0.0,757.0,0.7104235532896613,0.16547075332224614,5.0,60.537454239596485,0.0,0.0
5/2,0.2,9,0.18827672890170452,3871,0.032413308420266566,2.698818915916098,0.027513970703326562,3.699942115579984,0.7927742131429074,6.273627005643521,0.7652602424395809,23.67608533512892,1106.0,,,,,,,,3074.0,0.031547875635524074,0.13877462024190426,4.0,40.20366549693771,0.0,0.0,797.0,0.7927742131429074,0.1733428442707535,6.0,57.77474641562435,0.0,0.0
5/2,0.2,10,0.24944749450931944,3878,0.039371158303273125,2.693767415336778,0.023938277055508758,3.714998527558362,1.127947202003137,6.632021358070953,1.1040089249476281,25.264121738337227,1108.0,,,,,,,,3122.0,0.03671662363637708,0.1403764076024066,5.0,37.54723929630587,0.0,0.0,756.0,1.127947202003137,0.1651222246820348,5.0,47.534930328610194,0.0,0.0
5/2,0.2,11,0.19550903977173692,3871,0.03935506424062698,2.701406951474899,0.05100954184329146,3.6959457104620888,0.8034910477741133,6.295616469301468,0.7641359835334863,20.465481806226567,1106.0,,,,,,,,3088.0,0.04134779875299966,0.1387203036246098,4.0,39.70066682978056,0.0,0.0,783.0,0.8034910477741133,0.17064818274031415,6.0,48.71394056560803,0.0,0.0
5/2,0.2,12,0.25583430205846414,3876,0.025641393164094656,2.6966495688676546,0.035509562490151594,3.7157226246219794,1.1828287234150119,6.701606644101604,1.1571873302509172,26.257976172640806,1107.7142857142858,,,,,,,,3110.0,0.027513489595726037,0.1413058144354084,4.0,35.72917782918686,0.0,0.0,766.0,1.1828287234150119,0.1679355339939124,7.0,49.674950886168,0.0,0.0
5/2,0.2,13,0.21993283253534862,3883,0.027738049715389543,2.6919338630220038,0.023051669069254307,3.6625844168705277,0.9903017224993506,6.478051265883269,0.9672500534300963,25.037915108776975,1109.4285714285713,,,,,,,,3105.0,0.026906424679634142,0.13983712144799412,4.0,39.14485124782083,0.0,0.0,778.0,0.9903017224993506,0.16942337876002736,5.0,50.69451118376282,0.0,0.0
5/2,0.2,14,0.19100069689638324,3857,0.037995564432270805,2.7137230617641945,0.0479749084424895,3.7233672002967713,0.7704547956958148,6.25837377297182,0.732459231263544,23.253054908294335,1102.0,,,,,,,,3059.0,0.03983875807914023,0.13888668290862638,4.0,40.8143634378772,0.0,0.0,798.0,0.7704547956958148,0.17378410094707378,4.0,52.13104237457061,0.0,0.0
5/2,0.2,15,0.2529976506857899,3865,0.03050075328060117,2.6992800450637833,0.03257592431395231,3.7100434470391632,1.1301868200737446,6.631928038770853,1.0996860667931434,28.346312126302315,1104.2857142857142,,,,,,,,3084.0,0.030856035480863624,0.13909686859994827,4.0,40.4016995587914,0.0,0.0,781.0,1.1301868200737446,0.1705103131667644,5.0,61.520203520690906,0.0,0.0
5/2,0.2,16,0.1410405842740106,3875,0.035359761938985566,2.684281933200313,0.028287527922734892,3.6962803017560244,0.5921850187194581,6.086896680620008,0.5638974907967231,17.966764262161316,1107.142857142857,,,,,,,,3132.0,0.034016218120444974,0.14131382934794906,5.0,36.71890654049591,0.0,0.0,743.0,0.5921850187194581,0.16200677638063934,4.0,43.25049871738781,0.0,0.0
5/2,0.2,17,0.23871607627889446,3881,0.03550685316392777,2.702955418429965,0.02441801218296342,3.729716622255455,1.0395656448714485,6.504900451720448,1.0151476326884852,27.202276378053178,1108.857142857143,,,,,,,,3090.0,0.033708953703907335,0.1390853799860329,5.0,39.60424943706538,0.0,0.0,791.0,1.0395656448714485,0.17155078699276044,6.0,52.058371018074006,0.0,0.0
5/2,0.2,18,0.17390988179281283,3869,0.03851349565778708,2.707377401125699,0.04533821988436877,3.7206932351255064,0.7340466681353708,6.239681248833815,0.6955331724775837,19.703472477587777,1105.4285714285713,,,,,,,,3121.0,0.03966370550821385,0.1406180725826361,4.0,43.32162858894502,0.0,0.0,748.0,0.7340466681353708,0.16342121691914432,6.0,56.108070689451,0.0,0.0
5/2,0.2,19,0.24271837963344484,3856,0.03482378461607738,2.7055106036658403,0.04646997248260141,3.6766574431918264,0.9952679890221731,6.47386543190796,0.9604442044060957,27.358948661778367,1101.7142857142858,,,,,,,,3028.0,0.03693532924577411,0.13672389755307449,6.0,35.61403631346586,0.0,0.0,828.0,0.9952679890221731,0.18001105883767593,7.0,63.56435424097928,0.0,0.0
5/2,0.2,20,0.20355907725129552,3871,0.03928221219528244,2.706387988224758,0.0339838689440638,3.715679040295054,0.8612047279220544,6.362970804386349,0.8272208589779906,22.938970519366023,1106.0,,,,,,,,3094.0,0.0384037215398606,0.13924618461643107,5.0,40.21560384577502,0.0,0.0,777.0,0.8612047279220544,0.16963778735764865,5.0,52.16744636474914,0.0,0.0
5/2,0.2,21,0.2503451438723325,3865,0.03948380707925604,2.7110462692797626,0.06294399706276643,3.697733231391227,1.0147438396113508,6.473037525947503,0.9752600325320948,27.720499528995393,1104.2857142857142,,,,,,,,3042.0,0.04354036852939623,0.13704048082782938,6.0,41.246377998342965,0.0,0.0,823.0,1.0147438396113508,0.1782609406291526,5.0,53.794423150771664,0.0,0.0
5/2,0.2,22,0.23881611029990557,3877,0.035027272346205965,2.6979578937217297,0.03593403041994892,3.682727235567221,1.0725863353991245,6.546263210956037,1.0375590630529186,26.18107512617097,1107.7142857142858,,,,,,,,3116.0,0.03518994171822853,0.14043922223070707,5.0,38.38440216793223,0.0,0.0,761.0,1.0725863353991245,0.1652963532658256,6.0,57.091981908370755,0.0,0.0
5/2,0.2,23,0.18865251332108596,3877,0.042711737916869004,2.7100741855241637,0.06495591833858427,3.6712033506829305,0.7943118625943348,6.274766871762325,0.7516001246774658,20.747642701947893,1107.4285714285713,,,,,,,,3141.0,0.04673424491449214,0.14144931808732591,5.0,39.564899549132534,0.0,0.0,736.0,0.7943118625943348,0.16006408280744588,5.0,54.118911882364515,0.0,0.0
5/2,0.2,24,0.2121512511036434,3865,0.034715759557339416,2.6981485198492465,0.04106523007579415,3.7423170356622504,0.8985824719678156,6.438329296063458,0.8638667124104762,25.903957102564043,1104.2857142857142,,,,,,,,3075.0,0.035799815499514616,0.1386493767726556,5.0,37.86581324480522,0.0,0.0,790.0,0.8985824719678156,0.17366666631093455,5.0,64.79438461418015,0.0,0.0
5/2,0.2,25,0.24406788808937463,3888,0.04258311150845176,2.6979756164299764,0.04733884459060175,3.711333376086363,1.0271564653768124,6.484169943097667,0.9845733538683606,27.53792153946572,1110.857142857143,,,,,,,,3095.0,0.043425160532367175,0.1392246621157906,5.0,40.576206558630616,0.0,0.0,793.0,1.0271564653768124,0.17172268602510413,6.0,59.20498358189835,0.0,0.0
5/2,0.2,26,0.2593656690861873,3895,0.03654707432673401,2.7013917668034795,0.04732953859582951,3.7426645558891165,1.131519379814606,6.6116998076813225,1.094972305487872,29.007482111760577,1112.857142857143,,,,,,,,3108.0,0.038521084033656575,0.14077279839743434,5.0,40.810217222951984,0.0,0.0,787.0,1.131519379814606,0.1711469046321867,5.0,48.323395774832576,0.0,0.0
5/2,0.2,27,0.26526393606435933,3893,0.03404398723556552,2.6937342651157707,0.029988550141057033,3.6977805286284373,1.1717635195757774,6.686239932785619,1.1417749694347203,29.53273899224604,1112.0,,,,,,,,3100.0,0.0333754942177288,0.13901396587021592,4.0,38.84410256426065,0.0,0.0,793.0,1.1717635195757774,0.17353094427283336,5.0,50.586421538985135,0.0,0.0
5/2,0.2,28,0.20814742546614623,3882,0.038989462450873036,2.7099776917274374,0.06105993084717704,3.739295872481561,0.8710714132034768,6.3487417319294694,0.8320819507526038,25.09457044210128,1109.142857142857,,,,,,,,3107.0,0.042789816680684,0.1402799675313283,5.0,44.429107341521174,0.0,0.0,775.0,0.8710714132034768,0.16846009908780363,4.0,50.241527410554795,0.0,0.0
5/2,0.2,29,0.16718077421489105,3870,0.036524150077195484,2.712628621378746,0.04433733341762399,3.696323425611861,0.6987394809564605,6.3162219872902945,0.6622153308792651,19.70022895759348,1105.7142857142858,,,,,,,,3113.0,0.03791963030118464,0.14084608572028642,5.0,46.75704188052693,0.0,0.0,757.0,0.6987394809564605,0.16874739116248907,5.0,49.32818909373581,0.0,0.0
4/3,0.2,0,0.15555986559621945,3875,0.15974643559445725,2.8318637200795704,0.1499222140770228,3.783268310840432,0.14562243531732438,5.6827149817423726,0.01412400027713287,11.149247807784992,1107.142857142857,,,,,,,,3086.0,0.1581005760596181,0.17347438960057404,7.0,63.02170519653545,0.0,0.0,789.0,0.14562243531732438,0.11557582061188797,4.0,27.086660992176533,0.0,0.0
4/3,0.2,1,0.16651036833828498,3902,0.1542615653693408,2.821887605266296,0.15466992501317184,3.7957478899841797,0.2139995639084073,5.698795870998315,0.0597379985390665,13.237154712157936,1114.857142857143,,,,,,,,3106.0,0.15433992414194972,0.17590920292190546,8.0,54.022406810335575,0.0,0.0,796.0,0.2139995639084073,0.11549994339797777,6.0,28.93813174953348,0.0,0.0
4/3,0.2,2,0.13377003583368305,3889,0.1353550652844465,2.797584546296214,0.13663930816898903,3.8080348846809304,0.1268038458667303,5.604347763067888,0.009835462302258735,11.537284154859966,1111.142857142857,,,,,,,,3089.0,0.1355741640219518,0.17371939284075305,5.0,54.96591014476845,0.0,0.0,800.0,0.1268038458667303,0.11592685539050082,3.0,21.93320441165518,0.0,0.0
4/3,0.2,3,0.1313166961968261,3880,0.12220817036916007,2.7999349610231854,0.15238559962374837,3.8231575485545366,0.1476585857540847,5.6867449232694565,0.0301774292545883,12.143200840204432,1108.5714285714287,,,,,,,,3121.0,0.1273424910786078,0.1762796089816697,5.0,63.652374901258206,0.0,0.0,759.0,0.1476585857540847,0.1112213367770948,4.0,23.41858765659822,0.0,0.0
4/3,0.2,4,0.16597294188758968,3890,0.15761741944141922,2.821886336029105,0.12802717969562002,3.8163410935295774,0.2205427310725351,5.743554381364972,0.09251555137691508,12.532890957331286,1111.4285714285713,,,,,,,,3128.0,0.15267940628690924,0.17596001308827108,6.0,61.48941945534859,0.0,0.0,762.0,0.2205427310725351,0.11133690152176838,4.0,20.625656328404627,0.0,0.0
4/3,0.2,5,0.15976178313499614,3880,0.16620882599981074,2.8387512113713687,0.18300780079862855,3.8538855597168946,0.12213768063143048,5.6127231810943385,0.060870120167198075,13.347102592141074,1108.5714285714287,,,,,,,,3110.0,0.16907707539472142,0.17543100995751645,7.0,60.798827688957246,0.0,0.0,770.0,0.12213768063143048,0.11184526019461459,4.0,22.810221176181706,0.0,0.0
4/3,0.2,6,0.12070312016066295,3906,0.12358933982616006,2.782771818541635,0.13443270561735182,3.8269235937061974,0.1030019708106305,5.556256388857677,0.03143073480672132,10.37013069451145,1116.0,,,,,,,,3094.0,0.12534867066881625,0.17353633751291966,5.0,54.771435192501066,0.0,0.0,812.0,0.1030019708106305,0.11714398379508484,2.0,22.25111792554034,0.0,0.0
4/3,0.2,7,0.15314480825824445,3876,0.18059780145453444,2.8527433607853263,0.16987871510619323,3.846090481937676,0.04730472974872416,5.496772428307467,0.13329307170581028,11.612263890864718,1107.4285714285713,,,,,,,,3120.0,0.17879067343555127,0.17589747956860022,8.0,54.680750293691744,0.0,0.0,756.0,0.04730472974872416,0.10898935397117474,2.0,17.397697301317027,0.0,0.0
4/3,0.2,8,0.15016199154112503,3867,0.1558310647910064,2.8269977829164414,0.2044525188992788,3.867314464522183,0.09263748315692392,5.601043009868461,0.11181503574235487,13.133504224829737,1104.857142857143,,,,,,,,3110.0,0.16416393779412833,0.17531551685766392,6.0,59.36348802180335,0.0,0.0,757.0,0.09263748315692392,0.1103138355481641,3.0,22.98245925066192,0.0,0.0
4/3,0.2,9,0.13074241180234036,3871,0.1310022037001346,2.797407811195966,0.13393613413289232,3.806364279009549,0.1277415027448662,5.60859429524548,0.006194631388026117,11.996065864146324,1106.0,,,,,,,,3074.0,0.13152046141808757,0.17346827530238032,5.0,63.03928083481669,0.0,0.0,797.0,0.1277415027448662,0.1155618961805023,5.0,26.731956803571823,0.0,0.0
4/3,0.2,10,0.16355605885591634,3878,0.16092926274306094,2.815325519776566,0.15489910536181747,3.8459593558646707,0.17868707999091943,5.682761236058735,0.023787974629101954,14.634454205737628,1108.0,,,,,,,,3122.0,0.15989204476941335,0.17547050950300824,6.0,60.17360799615169,0.0,0.0,756.0,0.17868707999091943,0.11008148312135653,3.0,21.56514186007285,0.0,0.0
4/3,0.2,11,0.14745690898805183,3871,0.1532667807341447,2.815318667968417,0.16759296233093987,3.812529130949737,0.11488333576322082,5.607008757290576,0.05270962656771905,11.172637719260903,1106.0,,,,,,,,3088.0,0.15571633510043612,0.17340037953076226,6.0,60.52901294777306,0.0,0.0,783.0,0.11488333576322082,0.11376545516020944,3.0,19.751552309797795,0.0,0.0
4/3,0.2,12,0.14095953529044644,3876,0.12193862259203123,2.792946798295591,0.1408514879690178,3.821064550100845,0.203618083488422,5.722396004175016,0.08167946089639078,13.457580499484898,1107.7142857142858,,,,,,,,3110.0,0.125526593837183,0.17663226804426052,5.0,56.68025461271208,0.0,0.0,766.0,0.203618083488422,0.11195702266260829,3.0,27.881766140322416,0.0,0.0
4/3,0.2,13,0.12623425849270362,3883,0.12092154505622145,2.785117358362836,0.13095085015688931,3.770483597958163,0.14033429462356364,5.628083838007481,0.019412749567342194,10.926138902655778,1109.4285714285713,,,,,,,,3105.0,0.12270130257972162,0.17479640180999265,5.0,56.985888523001975,0.0,0.0,778.0,0.14033429462356364,0.11294891917335156,4.0,28.087157288659917,0.0,0.0
4/3,0.2,14,0.1451403731477535,3857,0.14861505721287116,2.824342554544794,0.15936215468040874,3.8347544465346903,0.12421159041046817,5.6121305676864734,0.035150564269940565,11.810148254648732,1102.0,,,,,,,,3059.0,0.15060005560095838,0.17360835363578297,8.0,60.88621801969983,0.0,0.0,798.0,0.12421159041046817,0.11585606729804919,3.0,24.49499062283562,0.0,0.0
4/3,0.2,15,0.14049545171778346,3865,0.13094866114869808,2.79972795293188,0.12878080454984023,3.806248327275051,0.17965925504589644,5.681400473743006,0.050878450496056216,11.990764234707365,1104.2857142857142,,,,,,,,3084.0,0.13057751060259012,0.17387108574993532,5.0,61.74169313206611,0.0,0.0,781.0,0.17965925504589644,0.11367354211117624,3.0,24.71873022895052,0.0,0.0
4/3,0.2,16,0.12872073850274307,3875,0.140578544547777,2.7895007158091047,0.1278098788811765,3.7958026527144657,0.08896126008898941,5.583672921989539,0.05161728445878758,11.466406524854392,1107.142857142857,,,,,,,,3132.0,0.1381528242183941,0.17664228668493634,6.0,60.80794779993252,0.0,0.0,743.0,0.08896126008898941,0.1080045175870929,3.0,21.334199848245678,0.0,0.0
4/3,0.2,17,0.14465536672501517,3881,0.1324361643626831,2.79988472962872,0.11899329003688376,3.8242919001093756,0.2009034265693028,5.666238233418302,0.08191013653241903,12.069196450078637,1108.857142857143,,,,,,,,3090.0,0.13025659153510205,0.17385672498254115,6.0,56.226880888300194,0.0,0.0,791.0,0.2009034265693028,0.11436719132850696,4.0,25.05533858376662,0.0,0.0
4/3,0.2,18,0.14065247145318197,3869,0.145255444116305,2.814119349584217,0.18408668563267622,3.859441700873814,0.09414029134727522,5.599774872045719,0.089946394285401,11.4104912679987,1105.4285714285713,,,,,,,,3121.0,0.1517998955862221,0.17577259072829512,5.0,62.259137810157306,0.0,0.0,748.0,0.09414029134727522,0.10894747794609627,3.0,18.67152122942234,0.0,0.0
4/3,0.2,19,0.15337165937669803,3856,0.14468538712965442,2.815372206179417,0.14227177911517425,3.772459249824399,0.18673772599988356,5.66533516888567,0.04446594688470931,12.058504268894167,1101.7142857142858,,,,,,,,3028.0,0.14424778118515322,0.17090487194134313,7.0,56.971693515274495,0.0,0.0,828.0,0.18673772599988356,0.12000737255845062,5.0,27.57030060008562,0.0,0.0
4/3,0.2,20,0.15443008439874537,3871,0.1591598155185859,2.8262655915480615,0.12721053409000616,3.8089057054409965,0.15669030742072063,5.658456383885015,0.03194928142857975,12.367316975010949,1106.0,,,,,,,,3094.0,0.15386247182987828,0.1740577307705388,6.0,57.09619806739469,0.0,0.0,777.0,0.15669030742072063,0.11309185823843243,4.0,28.79858470305293,0.0,0.0
4/3,0.2,21,0.16310613919155853,3865,0.15652019885169058,2.8280826610521967,0.20782491690535648,3.8426141512338168,0.15465917542199595,5.612952861758149,0.053165741483360535,11.554023822981245,1104.2857142857142,,,,,,,,3042.0,0.16539142886359995,0.17130060103478673,8.0,63.65266747850307,0.0,0.0,823.0,0.15465917542199595,0.11884062708610169,4.0,21.61597396038197,0.0,0.0
4/3,0.2,22,0.15236585025164093,3877,0.13808328723367747,2.801013908609201,0.14634075309628358,3.793133958243556,0.2047818068177084,5.678458682374621,0.06669851958403095,13.632394409001439,1107.7142857142858,,,,,,,,3116.0,0.13956464904920918,0.17554902778838383,6.0,56.42232338468188,0.0,0.0,761.0,0.2047818068177084,0.11019756884388367,3.0,29.6186785635017,0.0,0.0
4/3,0.2,23,0.15749880549267317,3877,0.16612343420097783,2.8334858818082727,0.1789175999541232,3.785165032298469,0.11081803793754892,5.591273047105539,0.06809956201657429,12.863417998742314,1107.4285714285713,,,,,,,,3141.0,0.16843705602453293,0.1768116476091574,6.0,59.23632533860214,0.0,0.0,736.0,0.11081803793754892,0.10670938853829726,3.0,18.112259455410516,0.0,0.0
4/3,0.2,24,0.1371798539602007,3865,0.1411980846596011,2.8046308449515087,0.12318162087314227,3.824433426459599,0.13351223888075076,5.673259062976393,0.018016463786458825,11.587321870671959,1104.2857142857142,,,,,,,,3075.0,0.13812210303752276,0.17331172096581948,6.0,59.87023125304192,0.0,0.0,790.0,0.13351223888075076,0.11577777754062303,3.0,26.4382645536803,0.0,0.0
4/3,0.2,25,0.15377794615254378,3888,0.15503067970584394,2.810423184627368,0.19067712098257683,3.8546716524783387,0.1242552977703071,5.581268775491162,0.06642182321226973,12.17851282575241,1110.857142857143,,,,,,,,3095.0,0.1613422305361023,0.1740308276447382,6.0,60.57842539474882,0.0,0.0,793.0,0.1242552977703071,0.11448179068340271,4.0,25.537548407884074,0.0,0.0
4/3,0.2,26,0.1531598957375495,3895,0.14917002938291027,2.814014721859656,0.17804240147062872,3.873377418763916,0.14804188419029027,5.628222312057006,0.03000051728033845,12.941877961909332,1112.857142857143,,,,,,,,3108.0,0.15445586584298485,0.1759659979967929,6.0,60.933587520368626,0.0,0.0,787.0,0.14804188419029027,0.11409793642145778,3.0,22.17878599221105,0.0,0.0
4/3,0.2,27,0.1480054404885343,3893,0.14537252173729995,2.8050627996175055,0.1476808392076468,3.815472817695027,0.15681060808182468,5.671287021291667,0.011438086344524728,12.849571690824936,1112.0,,,,,,,,3100.0,0.14575302181063776,0.1737674573377699,6.0,57.2921464118291,0.0,0.0,793.0,0.15681060808182468,0.11568729618188892,3.0,21.28374275523685,0.0,0.0
4/3,0.2,28,0.157259284317758,3882,0.147660544924306,2.81864877420087,0.2177232202682279,3.895959161902612,0.14737509333254145,5.625045412058535,0.07034812693568646,13.223277321432303,1109.142857142857,,,,,,,,3107.0,0.15972476484995718,0.17534995941416037,7.0,61.39445774255609,0.0,0.0,775.0,0.14737509333254145,0.11230673272520242,3.0,25.349393819990926,0.0,0.0
4/3,0.2,29,0.14911966538697144,3870,0.15782123099337048,2.8339257022949207,0.18038863202577443,3.8323747242200112,0.09676108056961766,5.714243586903451,0.08362755145615677,12.461011503402252,1105.7142857142858,,,,,,,,3113.0,0.16185190075694791,0.17605760715035804,6.0,63.72719307170361,0.0,0.0,757.0,0.09676108056961766,0.11249826077499271,3.0,12.197025912852068,0.0,0.0
3/4,0.2,0,0.6022386464692494,3875,0.7696333795709962,3.441750664056109,0.6528761689188991,4.286222265682309,0.0240172669447168,5.5611098133697645,0.7456161126262794,46.32123735772432,1107.142857142857,,,,,,,,3086.0,0.7500729525110045,0.2312991861340987,10.0,79.57734873123867,0.0,0.0,789.0,0.0240172669447168,0.08668186545891597,2.0,9.463928505830394,0.0,0.0
3/4,0.2,1,0.6331995663775412,3902,0.7726915224203589,3.440317562317314,0.8075395197923025,4.448617484763311,0.06280833283147298,5.547604639921381,0.7447311869608295,56.359779871898745,1114.857142857143,,,,,,,,3106.0,0.7793783886256642,0.234545603895874,9.0,74.47538940302076,0.0,0.0,796.0,0.06280833283147298,0.0866249575484833,5.0,8.020962222567714,0.0,0.0
3/4,0.2,2,0.5877684070125118,3889,0.7248542140279118,3.3870836950396797,0.775018355149542,4.446413931661484,0.025400206710424412,5.502944123911582,0.7496181484391176,50.75037035521005,1111.142857142857,,,,,,,,3089.0,0.7334124860807119,0.2316258571210041,12.0,73.77596608021146,0.0,0.0,800.0,0.025400206710424412,0.08694514154287561,2.0,9.62579194967425,0.0,0.0
3/4,0.2,3,0.5362889375481207,3880,0.6511288904965291,3.3288556811505545,0.6901578343016925,4.360929783232482,0.03676342725493932,5.575849764770311,0.6533944070467532,50.04590174674117,1108.5714285714287,,,,,,,,3121.0,0.6577691882089745,0.2350394786422263,8.0,79.86042167512208,0.0,0.0,759.0,0.03676342725493932,0.0834160025828211,3.0,7.97234666281365,0.0,0.0
3/4,0.2,4,0.530997562171454,3890,0.6615874512969094,3.325856367884595,0.5817785400087698,4.270092453842726,0.04960002740502926,5.572611677697466,0.6119874238918802,50.032097834827276,1111.4285714285713,,,,,,,,3128.0,0.6482689565103338,0.23461335078436144,10.0,79.09790493625216,0.0,0.0,762.0,0.04960002740502926,0.08350267614132628,3.0,11.991084579814652,0.0,0.0
3/4,0.2,5,0.6640983618835904,3880,0.8166809855199468,3.4892233708915055,0.8641485191623747,4.535026278080641,0.015088985424891725,5.505674485887801,0.849059533737483,52.81445155213425,1108.5714285714287,,,,,,,,3110.0,0.8247855708460334,0.23390801327668856,14.0,77.32830548810307,0.0,0.0,770.0,0.015088985424891725,0.08388394514596095,2.0,6.855403576557846,0.0,0.0
3/4,0.2,6,0.44734126944982583,3906,0.5649023089795472,3.2240847876950216,0.5515853894896736,4.244076277578519,0.0076260444239126856,5.46088046247096,0.5572762645556345,44.72622707295509,1116.0,,,,,,,,3094.0,0.5627416452484818,0.23138178335055956,9.0,76.4332056859699,0.0,0.0,812.0,0.0076260444239126856,0.08785798784631363,1.0,2.1773402423808736,0.0,0.0
3/4,0.2,7,0.7251516247029779,3876,0.9120424948152189,3.5841880541460105,0.841661495295524,4.517873262127007,0.0028247609426173205,5.4522924595013595,0.9092177338726016,51.481405798216,1107.4285714285713,,,,,,,,3120.0,0.9001769801526037,0.2345299727581336,15.0,76.46571078232817,0.0,0.0,756.0,0.0028247609426173205,0.08174201547838104,1.0,1.303085521475448,0.0,0.0
3/4,0.2,8,0.5710583473982094,3867,0.6938152263857955,3.3649819445112312,0.774367460871207,4.437229406494111,0.010017086325398869,5.518422613036937,0.7643503745458081,53.14444390516464,1104.857142857143,,,,,,,,3110.0,0.7076204807204335,0.23375402247688523,10.0,78.20000575248766,0.0,0.0,757.0,0.010017086325398869,0.08273537666112307,2.0,4.051743496964351,0.0,0.0
3/4,0.2,9,0.5243859412088906,3871,0.6512480745546454,3.3176536820504774,0.6673331179583469,4.339761262835004,0.024124490176192438,5.504977282676806,0.6432086277821545,51.715608690774374,1106.0,,,,,,,,3074.0,0.6540893818312264,0.23129103373650703,8.0,76.63809930211406,0.0,0.0,797.0,0.024124490176192438,0.08667142213537674,4.0,3.2349383496438735,0.0,0.0
3/4,0.2,10,0.6533327144487415,3878,0.8143889441269738,3.4687852011604785,0.7525517726987123,4.443612023201565,0.032154158895216355,5.536228314963032,0.7822347852317575,54.52805503626861,1108.0,,,,,,,,3122.0,0.8037526337307609,0.23396067933734432,8.0,75.86273400289372,0.0,0.0,756.0,0.032154158895216355,0.0825611123410174,2.0,10.128283548897981,0.0,0.0
3/4,0.2,11,0.5429927080961813,3871,0.6743002665259538,3.336352153760225,0.6815829297660118,4.32651909838481,0.02023027307461297,5.512355694601967,0.6613526566913988,47.8267431550804,1106.0,,,,,,,,3088.0,0.6755454887379844,0.2312005060410163,11.0,77.85255967347378,0.0,0.0,783.0,0.02023027307461297,0.08532409137015708,2.0,6.829129736362986,0.0,0.0
3/4,0.2,12,0.5589601213404319,3876,0.6826407336365333,3.3536489093400936,0.7245989594627429,4.40481202159457,0.02449268337915412,5.543270604065748,0.7001062760835888,52.97266419143235,1107.7142857142858,,,,,,,,3110.0,0.6906006542916663,0.23550969072568068,9.0,78.46439615999074,0.0,0.0,766.0,0.02449268337915412,0.0839677669969562,2.0,9.066338739821171,0.0,0.0
3/4,0.2,13,0.5571996014726055,3883,0.6936828829646282,3.3578786962712424,0.6824782231179005,4.322010970919173,0.020429908082909006,5.508179451466828,0.6732529748817192,49.19428378021895,1109.4285714285713,,,,,,,,3105.0,0.6916945520224231,0.2330618690799902,9.0,74.03584040942755,0.0,0.0,778.0,0.020429908082909006,0.08471168938001368,3.0,4.840611320478922,0.0,0.0
3/4,0.2,14,0.5427667299283433,3857,0.6757097559745727,3.3514372533064964,0.6926731115428595,4.368065403397141,0.02114140089137844,5.509060378167383,0.6715317106514811,48.08761354563421,1102.0,,,,,,,,3059.0,0.678842902720595,0.23147780484771063,11.0,76.13990251908143,0.0,0.0,798.0,0.02114140089137844,0.08689205047353689,2.0,13.58107615466644,0.0,0.0
3/4,0.2,15,0.5547409827424187,3865,0.6905194480189227,3.359298739802105,0.6787936073160993,4.356261130041311,0.026508533290884987,5.528249751987994,0.6640109147280377,49.921269375033596,1104.2857142857142,,,,,,,,3084.0,0.6885119110892565,0.2318281143332471,10.0,81.3687897463539,0.0,0.0,781.0,0.026508533290884987,0.08525515658338217,2.0,12.295272864965524,0.0,0.0
3/4,0.2,16,0.5338824295313735,3875,0.667411720380117,3.316333891641445,0.6160368869182112,4.284029660751501,0.012151994769018178,5.506863656669568,0.6552597256110988,51.770462557083206,1107.142857142857,,,,,,,,3132.0,0.6576518142786374,0.23552304891324846,9.0,78.21344517962851,0.0,0.0,743.0,0.012151994769018178,0.08100338819031967,2.0,2.7691436265129314,0.0,0.0
3/4,0.2,17,0.5473670842632022,3881,0.6813418944301348,3.3487904596961724,0.6379439639940306,4.343242574066522,0.051488702130037194,5.516823508979037,0.6298531923000976,50.01395149574573,1108.857142857143,,,,,,,,3090.0,0.6743055309516597,0.23180896664338818,9.0,75.94186841602307,0.0,0.0,791.0,0.051488702130037194,0.08577539349638022,3.0,9.564410716817807,0.0,0.0
3/4,0.2,18,0.5375577111395665,3869,0.641378143534563,3.3102420490024747,0.7672184118201393,4.442573427061277,0.015879167525933654,5.521513748224378,0.7513392442942056,50.67117557747857,1105.4285714285713,,,,,,,,3121.0,0.6625867244759963,0.23436345430439345,8.0,77.29073778964774,0.0,0.0,748.0,0.015879167525933654,0.0817106084595722,2.0,5.167014951227272,0.0,0.0
3/4,0.2,19,0.5420190134658529,3856,0.6765203045013222,3.347207123551085,0.6917131133163601,4.3219005840255855,0.04007364958317574,5.518671092468962,0.6516394637331844,47.60362970104149,1101.7142857142858,,,,,,,,3028.0,0.6792748791510764,0.22787316258845755,8.0,77.82981414706282,0.0,0.0,828.0,0.04007364958317574,0.09000552941883797,3.0,4.901433685562079,0.0,0.0
3/4,0.2,20,0.5987378456699431,3871,0.7507991819586628,3.417904957988138,0.6914006181629669,4.3730957895139575,0.032449156802366895,5.534215233266661,0.7183500251562959,50.44217206306094,1106.0,,,,,,,,3094.0,0.740950615951167,0.2320769743607184,10.0,73.576240056285,0.0,0.0,777.0,0.032449156802366895,0.08481889367882432,3.0,7.152708501998299,0.0,0.0
3/4,0.2,21,0.5725013004187409,3865,0.7110656519254359,3.382628114125942,0.7418178806299311,4.376607114958391,0.040680608338630866,5.498974294674784,0.7011372722913003,46.72715767241392,1104.2857142857142,,,,,,,,3042.0,0.7163830984404144,0.2284008013797157,12.0,79.85191121475441,0.0,0.0,823.0,0.040680608338630866,0.08913047031457627,3.0,5.049372703740355,0.0,0.0
3/4,0.2,22,0.5556811715631955,3877,0.6789906709620972,3.341921292337621,0.6931923461909411,4.339985551338214,0.040344592614573294,5.514021468171485,0.6528477535763677,52.04994677765653,1107.7142857142858,,,,,,,,3116.0,0.6815384040984656,0.23406537038451172,10.0,78.52203748418661,0.0,0.0,761.0,0.040344592614573294,0.08264817663291277,2.0,10.22618744304531,0.0,0.0
3/4,0.2,23,0.5684536070187726,3877,0.7083225051481437,3.3756849527554387,0.6498394453291135,4.256086877673459,0.01667394526993388,5.497128954437924,0.6916485598782097,51.03423097973992,1107.4285714285713,,,,,,,,3141.0,0.6977467719494141,0.23574886347887652,9.0,75.76335465468357,0.0,0.0,736.0,0.01667394526993388,0.08003204140372293,2.0,5.438572307743103,0.0,0.0
3/4,0.2,24,0.557763784624573,3865,0.6951047314499741,3.358537491741881,0.6910705208560302,4.392322326442486,0.02585815054066407,5.565604974636305,0.66924658090931,49.29117909762131,1104.2857142857142,,,,,,,,3075.0,0.6944159637875933,0.23108229462109264,10.0,78.17982521392015,0.0,0.0,790.0,0.02585815054066407,0.08683333315546728,2.0,10.298341131779353,0.0,0.0
3/4,0.2,25,0.6039318934082759,3888,0.7343894369787018,3.3897819419002264,0.8479807286555312,4.511975260151293,0.016272214733154898,5.47328569245401,0.8317085139223763,49.662192019908886,1110.857142857143,,,,,,,,3095.0,0.7545018853919175,0.23204110352631765,9.0,74.17677643645519,0.0,0.0,793.0,0.016272214733154898,0.08586134301255206,3.0,4.113349685904627,0.0,0.0
3/4,0.2,26,0.5921093527537233,3895,0.72166476105226,3.3865094535290057,0.8104803265066893,4.505815343799977,0.0162589515651314,5.496439379431849,0.794221374941558,52.39944338951241,1112.857142857143,,,,,,,,3108.0,0.7379247535694962,0.23462133066239058,10.0,78.30884513279489,0.0,0.0,787.0,0.0162589515651314,0.08557345231609334,1.0,8.363657965109295,0.0,0.0
3/4,0.2,27,0.5566791536495302,3893,0.6897029674473246,3.3493932453275304,0.7105693009648749,4.378361279452255,0.023215699424270687,5.5376921126341125,0.6873536015406042,49.69688687524149,1112.0,,,,,,,,3100.0,0.6931425469400564,0.23168994311702654,10.0,77.57117547500144,0.0,0.0,793.0,0.023215699424270687,0.08676547213641668,2.0,7.085419988374715,0.0,0.0
3/4,0.2,28,0.5536872027513463,3882,0.6735278968637028,3.344516126140267,0.7604527660566885,4.438688707691072,0.01323579420252152,5.490906112928515,0.747216971854167,49.71663496184684,1109.142857142857,,,,,,,,3107.0,0.6884956487202356,0.2337999458855472,11.0,78.82179671985702,0.0,0.0,775.0,0.01323579420252152,0.08423004954390181,2.0,10.892019756679929,0.0,0.0
3/4,0.2,29,0.6005005232839118,3870,0.7361770755611263,3.4122815468626766,0.7738532443093795,4.425839336503616,0.014887502064628055,5.632370008398461,0.7589657422447514,52.88277495137702,1105.7142857142858,,,,,,,,3113.0,0.742906259571415,0.2347434762004774,9.0,82.02635626281015,0.0,0.0,757.0,0.014887502064628055,0.08437369558124454,2.0,3.4827819811033405,0.0,0.0
2/5,0.2,0,4.72661587815472,3875,6.053439797258202,8.725557081743315,5.3395543363067945,8.972900433070203,0.0048163457827718305,5.541908892207819,6.04862345147543,214.22360297623447,1107.142857142857,,,,,,,,3086.0,5.933842006165564,0.34694877920114814,27.0,96.01545696390083,0.0,0.0,789.0,0.0048163457827718305,0.06934549236713278,1.0,2.0190515101441737,0.0,0.0
2/5,0.2,1,5.429034815168823,3902,6.854803679871147,9.5224297197681,6.644986192698797,10.286064157669806,0.022769901336291993,5.5075662084262005,6.832033778534855,218.12615419602494,1114.857142857143,,,,,,,,3106.0,6.814542500748572,0.3518184058438109,26.0,94.86467659680794,0.0,0.0,796.0,0.022769901336291993,0.06929996603878665,4.0,2.794482201388431,0.0,0.0
2/5,0.2,2,5.129045468143133,3889,6.392300043215477,9.054529524227243,6.767336370905629,10.43873194741757,0.004248559279156438,5.481792476480313,6.763087811626472,213.98220091123792,1111.142857142857,,,,,,,,3089.0,6.456283256129918,0.3474387856815062,28.0,95.27994225992839,0.0,0.0,800.0,0.004248559279156438,0.06955611323430048,1.0,3.9758686378796275,0.0,0.0
2/5,0.2,3,5.121895408840187,3880,6.36042926779657,9.038156058450594,6.389792510879161,10.060564459809951,0.00851457105398377,5.547600908569356,6.3812779398251775,222.61287562398292,1108.5714285714287,,,,,,,,3121.0,6.365425064681177,0.35255921796333956,26.0,96.98476698182148,0.0,0.0,759.0,0.00851457105398377,0.06673280206625688,2.0,1.602120629044818,0.0,0.0
2/5,0.2,4,4.915697509130886,3890,6.165295334566591,8.829564251154276,5.837193512985248,9.525507426819207,0.010877499816676923,5.533889150109114,6.154417834749914,228.59496316336035,1111.4285714285713,,,,,,,,3128.0,6.110541769711903,0.35192002617654206,23.0,96.55860413668091,0.0,0.0,762.0,0.010877499816676923,0.06680214091306103,2.0,7.357586652399418,0.0,0.0
2/5,0.2,5,5.457001881431059,3880,6.823002983840146,9.495545369211705,6.733910655433486,10.404788414351753,0.0012156449267392902,5.491801145389648,6.821787338913407,221.11114510009799,1108.5714285714287,,,,,,,,3110.0,6.8077913997938655,0.3508620199150329,29.0,94.63434119944284,0.0,0.0,770.0,0.0012156449267392902,0.06710715611676876,1.0,3.2881648147190914,0.0,0.0
2/5,0.2,6,4.648373148314871,3906,5.7577803948544855,8.41696287356996,6.43900146186266,10.131492349951506,0.0,5.453254418047046,6.43900146186266,215.06803041726212,1116.0,,,,,,,,3094.0,5.868308182714249,0.3470726750258393,23.0,94.27392955366466,0.0,0.0,812.0,0.0,0.0702863902770509,0.0,0.0,0.0,0.0
2/5,0.2,7,5.345299041371713,3876,6.640130363034069,9.312275922364861,6.642359168529257,10.318570935360738,0.0,5.449467698558743,6.642359168529257,220.7446082341474,1107.4285714285713,,,,,,,,3120.0,6.6405061167810135,0.35179495913720044,32.0,95.18255686827587,0.0,0.0,756.0,0.0,0.06539361238270484,0.0,0.0,0.0,0.0
2/5,0.2,8,5.53018920167727,3867,6.729951958823858,9.401118676949295,7.577958140071605,11.240820085694509,0.004100074423714916,5.512505601135253,7.57385806564789,223.65493176616457,1104.857142857143,,,,,,,,3110.0,6.875285494066639,0.350631033715328,26.0,95.60699216985677,0.0,0.0,757.0,0.004100074423714916,0.06618830132889846,1.0,1.7139552786333332,0.0,0.0
2/5,0.2,9,5.079536639663352,3871,6.320777026745462,8.987182634241293,6.738902915482971,10.411331060359629,0.007246416984712841,5.488099209485327,6.731656498498258,220.056542628351,1106.0,,,,,,,,3074.0,6.3946359589460045,0.34693655060476053,27.0,94.74934163434136,0.0,0.0,797.0,0.007246416984712841,0.06933713770830137,3.0,0.5843185545018846,0.0,0.0
2/5,0.2,10,5.944832421541461,3878,7.326693741857226,9.981089998890731,7.651267308784139,11.342327559286993,0.007706697380650252,5.5117808534484665,7.6435606114034895,226.91522715040855,1108.0,,,,,,,,3122.0,7.382522058782196,0.3509410190060165,33.0,94.47608549961927,0.0,0.0,756.0,0.007706697380650252,0.06604888987281392,1.0,3.125153454591284,0.0,0.0
2/5,0.2,11,5.029883747207738,3871,6.364177341185144,9.026229228419416,6.015336034985808,9.660272203604604,0.002922816774813585,5.495048238302169,6.36125452441033,218.12350406110596,1106.0,,,,,,,,3088.0,6.304530900228781,0.3468007590615245,25.0,95.72611580665055,0.0,0.0,783.0,0.002922816774813585,0.06825927309612566,1.0,0.4241315139433587,0.0,0.0
2/5,0.2,12,5.2360711524268675,3876,6.4389429243436815,9.109951100047242,6.893010027934407,10.573223090066236,0.0026105756908100255,5.521388496377404,6.890399452243597,225.69138754991138,1107.7142857142858,,,,,,,,3110.0,6.5250842719702185,0.3532645360885211,25.0,96.19948240026336,0.0,0.0,766.0,0.0026105756908100255,0.06717421359756497,1.0,1.639056665663186,0.0,0.0
2/5,0.2,13,5.129035232145468,3883,6.473597184001974,9.137792997308589,6.131722165535006,9.77125491333628,0.005009878239101743,5.4927594216230196,6.468587305762872,224.76655333259896,1109.4285714285713,,,,,,,,3105.0,6.412929507617015,0.3495928036199854,26.0,94.52416514757533,0.0,0.0,778.0,0.005009878239101743,0.06776935150401094,2.0,2.1379311670808123,0.0,0.0
2/5,0.2,14,4.538514735381109,3857,5.6858102030830935,8.361537700415017,5.884188182758768,9.55958047461305,9.318874310251668e-05,5.488012166019107,5.8840949940156655,214.4523010248844,1102.0,,,,,,,,3059.0,5.722450791025805,0.3472167072715659,23.0,94.17665872320754,0.0,0.0,798.0,9.318874310251668e-05,0.06951364037882951,1.0,1.0193101275131435,0.0,0.0
2/5,0.2,15,4.7404238541982,3865,5.876166765198594,8.544946056981775,6.249016897225,9.926484419950212,0.003553166317077426,5.505294385014186,6.245463730907923,215.30284027457427,1104.2857142857142,,,,,,,,3084.0,5.9400010290474725,0.34774217149987063,25.0,94.79659393464696,0.0,0.0,781.0,0.003553166317077426,0.06820412526670575,1.0,2.843285110803733,0.0,0.0
2/5,0.2,16,4.9536699033076275,3875,6.187136718829435,8.836058890090763,5.877195163900358,9.545187937733647,0.0023874793082987937,5.497099141208849,6.184749239521136,228.55227779046737,1107.142857142857,,,,,,,,3132.0,6.128255740163151,0.3532845733698727,25.0,93.84543584300089,0.0,0.0,743.0,0.0023874793082987937,0.06480271055225574,1.0,0.3101413973182004,0.0,0.0
2/5,0.2,17,4.784245146484883,3881,6.017599150658829,8.685047715924867,5.939418498159097,9.644717108231589,0.01573014522682225,5.481064952075822,6.001869005432007,217.96575933870875,1108.857142857143,,,,,,,,3090.0,6.004923258457417,0.3477134499650823,23.0,92.98322566499809,0.0,0.0,791.0,0.01573014522682225,0.06862031479710418,2.0,4.393229489637913,0.0,0.0
2/5,0.2,18,4.987423071682329,3869,6.14888793126753,8.817751836735441,6.34722297411916,10.022577989360299,0.0017866287607137537,5.5074212094591575,6.345436345358446,222.7814292732812,1105.4285714285713,,,,,,,,3121.0,6.182314471652009,0.35154518145659025,29.0,96.95432676461678,0.0,0.0,748.0,0.0017866287607137537,0.06536848676765776,1.0,3.0653628941150566,0.0,0.0
2/5,0.2,19,4.607061089045465,3856,5.769997403915758,8.440684222965523,6.291430493604064,9.92161796431329,0.008464558047724249,5.48706200093351,6.28296593555634,209.01470813368596,1101.7142857142858,,,,,,,,3028.0,5.864537287085798,0.3418097438826863,26.0,95.384008080643,0.0,0.0,828.0,0.008464558047724249,0.07200442353507037,2.0,0.4431060651033931,0.0,0.0
2/5,0.2,20,5.086435239359391,3871,6.314747289804432,8.981853065833906,6.592460660706658,10.274155832057648,0.011963626296585093,5.513729702760879,6.580497034410073,214.0392224120794,1106.0,,,,,,,,3094.0,6.360793495128557,0.3481154615410776,27.0,94.09507997354808,0.0,0.0,777.0,0.011963626296585093,0.06785511494305946,2.0,3.7192176586516394,0.0,0.0
2/5,0.2,21,4.563633926402386,3865,5.852368307459522,8.52393076966003,5.52174944196347,9.15653867629193,0.01147783414857654,5.469771520484729,5.840890473310946,208.7238959821296,1104.2857142857142,,,,,,,,3042.0,5.795200153859613,0.34260120206957345,23.0,95.09014370274001,0.0,0.0,823.0,0.01147783414857654,0.07130437625166101,2.0,1.2392836967130996,0.0,0.0
2/5,0.2,22,5.225920928119039,3877,6.5195103713406715,9.182440992716195,6.418114407577277,10.06490761272455,0.003655013092930725,5.477331888649844,6.515855358247741,228.10858992850208,1107.7142857142858,,,,,,,,3116.0,6.501320273861937,0.35109805557676765,27.0,95.42534435028922,0.0,0.0,761.0,0.003655013092930725,0.06611854130633021,1.0,2.020260220597685,0.0,0.0
2/5,0.2,23,5.1014778970846315,3877,6.234477795708929,8.901840243316224,6.576912631118395,10.18316006346274,0.0019457393516206691,5.482400748519611,6.574966891766774,223.25309343929217,1107.4285714285713,,,,,,,,3141.0,6.296401700997874,0.3536232952183147,29.0,93.42673205565531,0.0,0.0,736.0,0.0019457393516206691,0.06402563312297835,1.0,1.490953244144241,0.0,0.0
2/5,0.2,24,4.979281076391651,3865,6.33400646139147,8.997439221683376,5.8877276661096944,9.58897947169615,0.002718808858095674,5.5424656329537365,6.3312876525333746,215.52328860604158,1104.2857142857142,,,,,,,,3075.0,6.257812520733605,0.34662344193163896,28.0,96.03427878376486,0.0,0.0,790.0,0.002718808858095674,0.06946666652437382,1.0,4.371705132300908,0.0,0.0
2/5,0.2,25,5.074238850022238,3888,6.3676102614137475,9.02300276633527,6.398478054849508,10.062472586345269,0.005007993705062078,5.462021471425918,6.393470061144446,218.42981938646878,1110.857142857143,,,,,,,,3095.0,6.373075705938077,0.34806165528947647,27.0,94.37581532501439,0.0,0.0,793.0,0.005007993705062078,0.06868907441004166,2.0,1.3577674639062445,0.0,0.0
2/5,0.2,26,5.371380724550507,3895,6.661513695955915,9.326358388432661,7.043839451831554,10.739174469124842,0.0,5.480180427866718,7.043839451831554,217.60701322994814,1112.857142857143,,,,,,,,3108.0,6.73150834045181,0.3519319959935858,29.0,96.34799200670531,0.0,0.0,787.0,0.0,0.06845876185287467,0.0,0.0,0.0,0.0
2/5,0.2,27,5.01038276020323,3893,6.238390669175857,8.89808094705606,6.5596312355304685,10.227423214017849,0.002843734702161506,5.517320147912003,6.556787500828307,216.55219698102212,1112.0,,,,,,,,3100.0,6.291343549629793,0.34753491467553965,25.0,94.39859523530632,0.0,0.0,793.0,0.002843734702161506,0.06941237770913335,1.0,2.41330132361674,0.0,0.0
2/5,0.2,28,4.5908286991914675,3882,5.77575058885893,8.446738818135493,5.544215446447107,9.222451388081492,0.0002725572476206693,5.477942875973613,5.77547803161131,219.04781874603887,1109.142857142857,,,,,,,,3107.0,5.735882130155897,0.35069991882832074,23.0,96.74070657826162,0.0,0.0,775.0,0.0002725572476206693,0.06738403963512145,1.0,1.2588819887801388,0.0,0.0
2/5,0.2,29,5.309742519519392,3870,6.605205317192403,9.281309788493953,6.577784246704221,10.229770338898456,0.002570030794619037,5.620052537128453,6.602635286397784,228.96489304135463,1105.7142857142858,,,,,,,,3113.0,6.600307753687285,0.35211521430071624,24.0,96.37517011254816,0.0,0.0,757.0,0.002570030794619037,0.06749895646499562,1.0,1.8063347460565724,0.0,0.0
Undivided,0.3,0,0.050649089972759846,3875,0.05493996909695614,2.7268007716550042,0.02660218666583512,3.693152519676382,0.05219979093751422,5.556764866809485,0.028337782431121023,0.0,1107.142857142857,3875.0,0.050649089972759846,0.1601800071432082,5.0,34.956833813781486,0.0,0.0,,,,,,,,,,,,,,
Undivided,0.3,1,0.04761940413696587,3902,0.03928423402589195,2.7047170255624913,0.048463173178532874,3.728431962083038,0.06212403255810561,5.53162785842129,0.022839798532213663,0.0,1114.857142857143,3902.0,0.04761940413696587,0.16251647226474197,8.0,35.850522268625134,0.0,0.0,,,,,,,,,,,,,,
Undivided,0.3,2,0.028914840108535993,3889,0.027538256113008332,2.6896683038402744,0.028540980016139788,3.6846483209885914,0.031672361221925925,5.525218381726989,0.004134105108917593,0.0,1111.142857142857,3889.0,0.028914840108535993,0.16060362630938077,5.0,35.147807274198286,0.0,0.0,,,,,,,,,,,,,,
Undivided,0.3,3,0.0245545528891077,3880,0.02042409634826273,2.699344763552633,0.03492852640982115,3.71460444126186,0.028384480567476226,5.55137169160449,0.01450443006155842,0.0,1108.5714285714287,3880.0,0.0245545528891077,0.1599160061833242,4.0,31.373384097796396,0.0,0.0,,,,,,,,,,,,,,
Undivided,0.3,4,0.05727299379005125,3890,0.05637218173788019,2.720140526785654,0.05599998576531652,3.7329266505890146,0.05965532841868734,5.584833085914267,0.0036553426533708216,0.0,1111.4285714285713,3890.0,0.05727299379005125,0.15969231521218996,8.0,32.40304084145052,0.0,0.0,,,,,,,,,,,,,,
Undivided,0.3,5,0.03789093008146252,3880,0.03919405426499089,2.7136798734401797,0.03023944953127881,3.6912005938884658,0.03844478723788757,5.533286047528253,0.008954604733712079,0.0,1108.5714285714287,3880.0,0.03789093008146252,0.15944816525062025,6.0,36.79971770495698,0.0,0.0,,,,,,,,,,,,,,
Undivided,0.3,6,0.03233390333398589,3906,0.03218599511223598,2.6927278498601757,0.04565859588957206,3.702667161294429,0.027561929644785692,5.507550810152459,0.018096666244786366,0.0,1116.0,3906.0,0.03233390333398589,0.16103469719464875,5.0,34.72235337712276,0.0,0.0,,,,,,,,,,,,,,
Undivided,0.3,7,0.03473319852900656,3876,0.03681604520519798,2.71363651452261,0.03979529832966408,3.6898280611936,0.02846044904188638,5.491122151177109,0.011334849287777702,0.0,1107.4285714285713,3876.0,0.03473319852900656,0.15820768654024292,5.0,37.256003145198285,0.0,0.0,,,,,,,,,,,,,,
Undivided,0.3,8,0.036116778628943996,3867,0.03408417976706459,2.709472624014136,0.06213524791115644,3.7041253849632314,0.029236652284540254,5.529255329694646,0.032898595626616185,0.0,1104.857142857143,3867.0,0.036116778628943996,0.15879972305955004,4.0,40.93547059456077,0.0,0.0,,,,,,,,,,,,,,
Undivided,0.3,9,0.02842272995418512,3871,0.028476936516320276,2.695174858833618,0.03638735139133392,3.690043904583146,0.024969694549983903,5.526930234499957,0.01141765684135002,0.0,1106.0,3871.0,0.02842272995418512,0.15997140970477117,5.0,37.85395708657678,0.0,0.0,,,,,,,,,,,,,,
Undivided,0.3,10,0.03900332822744,3878,0.04250808107604572,2.697524649703814,0.02078545383430962,3.661126449870895,0.039310128248848324,5.569343654619293,0.0217226272417361,0.0,1108.0,3878.0,0.03900332822744,0.15898046661860096,5.0,37.84495091471044,0.0,0.0,,,,,,,,,,,,,,
Undivided,0.3,11,0.03997306539831855,3871,0.03762868303854387,2.698078059176156,0.054629493933917354,3.728764780503575,0.03846697932117809,5.5143860129449065,0.017000810895373482,0.0,1106.0,3871.0,0.03997306539831855,0.15901982720780894,5.0,32.89788204240853,0.0,0.0,,,,,,,,,,,,,,
Undivided,0.3,12,0.027330334421314433,3876,0.025242205489611085,2.700040241956467,0.03163436839228006,3.682064873527741,0.02940707492163526,5.548158415099904,0.006392162902668974,0.0,1107.7142857142858,3876.0,0.027330334421314433,0.16169808517204368,4.0,36.80664549240669,0.0,0.0,,,,,,,,,,,,,,
Undivided,0.3,13,0.04282939593520805,3883,0.04166183190117828,2.701782254105287,0.04263449507133608,3.7122884204388296,0.045132266037176016,5.533268216001538,0.0034704341359977353,0.0,1109.4285714285713,3883.0,0.04282939593520805,0.1601249006300337,7.0,33.87654301223477,0.0,0.0,,,,,,,,,,,,,,
Undivided,0.3,14,0.02919210381507366,3857,0.031095714356872785,2.706042210901061,0.017082113284079603,3.700023580479811,0.030193848311246465,5.529908629822523,0.014013601072793182,0.0,1102.0,3857.0,0.02919210381507366,0.1608574692423659,5.0,34.98382063203132,0.0,0.0,,,,,,,,,,,,,,
Undivided,0.3,15,0.04002253112459689,3865,0.041763415995414464,2.709458642683524,0.045218556945645284,3.7250262624936705,0.03454383529539933,5.542488347299482,0.010674721650245952,0.0,1104.2857142857142,3865.0,0.04002253112459689,0.15944188651744054,5.0,39.45658012459363,0.0,0.0,,,,,,,,,,,,,,
Undivided,0.3,16,0.032812520069177654,3875,0.03173722758814143,2.680853183831492,0.0350296138214074,3.6785933221463805,0.03387833283641438,5.533292526626269,0.0032923862332659704,0.0,1107.142857142857,3875.0,0.032812520069177654,0.1598374516377619,6.0,35.683975777039365,0.0,0.0,,,,,,,,,,,,,,
Undivided,0.3,17,0.03059285459583105,3881,0.03013409062094269,2.695541007962539,0.02652241779800584,3.7208994205941552,0.033161627790549604,5.532712910193204,0.0066392099925437625,0.0,1108.857142857143,3881.0,0.03059285459583105,0.1594807875244264,5.0,36.42222272108957,0.0,0.0,,,,,,,,,,,,,,
Undivided,0.3,18,0.04657193599251199,3869,0.04790192256772759,2.7150145926576355,0.05191453287894458,3.7192802733475245,0.04161900131425613,5.564732552694093,0.010295531564688452,0.0,1105.4285714285713,3869.0,0.04657193599251199,0.15875814480461112,5.0,41.97179590556331,0.0,0.0,,,,,,,,,,,,,,
Undivided,0.3,19,0.05171433483687444,3856,0.04963992182766402,2.7194732225822875,0.05781460066514478,3.731752884232732,0.053144801182669454,5.5116050316487275,0.008174678837480763,0.0,1101.7142857142858,3856.0,0.05171433483687444,0.16050633170144388,8.0,36.18764654273697,0.0,0.0,,,,,,,,,,,,,,
Undivided,0.3,20,0.051138539732012045,3871,0.04817884428022154,2.715863447343037,0.0391216789344776,3.6977559486545775,0.06184361032420733,5.5783074531618375,0.02272193138972973,0.0,1106.0,3871.0,0.051138539732012045,0.15911301516562396,6.0,38.59568435271815,0.0,0.0,,,,,,,,,,,,,,
Undivided,0.3,21,0.048953365559829765,3865,0.04544119550898918,2.714786813041795,0.03768785179873664,3.7195034317676146,0.059695010732762,5.510376246030855,0.022007158934025356,0.0,1104.2857142857142,3865.0,0.048953365559829765,0.1604618494372983,5.0,33.47660818818838,0.0,0.0,,,,,,,,,,,,,,
Undivided,0.3,22,0.04049917277360538,3877,0.04052225842261957,2.703278267778306,0.03411556434494131,3.696666991388884,0.043065698507164255,5.508592741891834,0.008950134162222942,0.0,1107.7142857142858,3877.0,0.04049917277360538,0.16033900658422845,5.0,36.552215179086375,0.0,0.0,,,,,,,,,,,,,,
Undivided,0.3,23,0.039714760450034324,3877,0.03640184752496466,2.7056244267488587,0.04178266475835001,3.683555661628023,0.04553421398655904,5.4854712080398675,0.009132366461594377,0.0,1107.4285714285713,3877.0,0.039714760450034324,0.15807645211828855,4.0,32.78495214521648,0.0,0.0,,,,,,,,,,,,,,
Undivided,0.3,24,0.0421894899442522,3865,0.037823628025001554,2.699672869948215,0.049247048172648154,3.7268755165153515,0.04753639566942739,5.600431941582796,0.0114234201476466,0.0,1104.2857142857142,3865.0,0.0421894899442522,0.16080313581793684,5.0,38.9423814095271,0.0,0.0,,,,,,,,,,,,,,
Undivided,0.3,25,0.03894341368035351,3888,0.039419446804239484,2.7003825914132658,0.04315358229065471,3.6599343577390338,0.03635119609827917,5.499674978861474,0.00680238619237554,0.0,1110.857142857143,3888.0,0.03894341368035351,0.15968338508272703,6.0,38.603308112545164,0.0,0.0,,,,,,,,,,,,,,
Undivided,0.3,26,0.0412015796376305,3895,0.04216871084052007,2.7099585580515932,0.044128446822691125,3.687119936607546,0.038219365678188705,5.549505715454199,0.0059090811445024205,0.0,1112.857142857143,3895.0,0.0412015796376305,0.1616029475529215,6.0,35.49798122549889,0.0,0.0,,,,,,,,,,,,,,
Undivided,0.3,27,0.02778774326846817,3893,0.027138623840192815,2.689765097307637,0.024210487299830656,3.6796123406807357,0.030561189091411086,5.527557330917155,0.00635070179158043,0.0,1112.0,3893.0,0.02778774326846817,0.15981201405453546,5.0,36.7677797451319,0.0,0.0,,,,,,,,,,,,,,
Undivided,0.3,28,0.04073727312626262,3882,0.03794246467086641,2.7074698187801975,0.03295205685332314,3.724839938832118,0.04952219867911316,5.537556785649457,0.016570141825790016,0.0,1109.142857142857,3882.0,0.04073727312626262,0.16026978990599575,5.0,39.6829939573246,0.0,0.0,,,,,,,,,,,,,,
Undivided,0.3,29,0.036603192667348655,3870,0.04039558081299785,2.7199878537333233,0.03527770030812842,3.6734127544188255,0.02970564471844786,5.6031508589710395,0.01068993609454999,0.0,1105.7142857142858,3870.0,0.036603192667348655,0.16032570119334102,6.0,37.15825579967478,0.0,0.0,,,,,,,,,,,,,,
6/1,0.3,0,7.855447369925424,3875,0.010336762304313395,2.682197564862362,0.006232053920313989,3.672782386930861,26.083878131348758,31.588443207220724,26.077646077428444,433.33713205494666,1107.142857142857,,,,,,,,2709.0,0.009618551977987918,0.1019782242270403,4.0,14.233164457904833,0.0,0.0,1166.0,26.083878131348758,0.5093907046402157,22.0,125.82360110573137,0.0,0.0
6/1,0.3,1,8.685391878635945,3902,0.006341803705836338,2.6717745952424354,0.0032036942256212877,3.6831724831301265,27.972746915515746,33.44225074137893,27.969543221290124,460.6090706973119,1116.0,,,,,,,,2691.0,0.00572374423927596,0.10198920265383514,4.0,12.482318970715575,0.0,0.0,1211.0,27.972746915515746,0.5273723063965391,22.0,128.71775627429918,0.0,0.0
6/1,0.3,2,8.015911136591459,3889,0.0023757159439108536,2.664505763671177,0.002464174872024666,3.6585715158444763,26.413051412017122,31.906597432522183,26.410675696073213,445.6776522486105,1111.7142857142858,,,,,,,,2709.0,0.002391193807301753,0.1016250732313678,2.0,6.789271770511548,0.0,0.0,1180.0,26.413051412017122,0.5149975561766504,28.0,127.91690105812327,0.0,0.0
6/1,0.3,3,7.620633135768809,3880,0.00152278151199988,2.68044344871637,0.004745761541477099,3.6844216763935163,26.046099608069014,31.569086819106026,26.044576826557012,425.4137651594031,1108.5714285714287,,,,,,,,2745.0,0.002088710974370743,0.10365081032860013,2.0,7.89330014153566,0.0,0.0,1135.0,26.046099608069014,0.49750718131166854,24.0,124.88649068450356,0.0,0.0
6/1,0.3,4,6.613023419739168,3890,0.007486300098576978,2.671254645146351,0.005407877958070457,3.682334542781768,22.869211038952805,28.394388796448382,22.863803160994735,414.6139782299259,1111.4285714285713,,,,,,,,2766.0,0.007110591107162206,0.10416087833717075,3.0,10.761701963702667,0.0,0.0,1124.0,22.869211038952805,0.49288093646230535,23.0,124.47155206496839,0.0,0.0
6/1,0.3,5,7.093346191261146,3880,0.0045927329364407925,2.67907855211163,0.007772361782992723,3.6687335061401796,24.06659813308589,29.561439393376254,24.06200540014945,426.3910530256624,1108.857142857143,,,,,,,,2737.0,0.0051375798231901,0.1029460927856194,3.0,14.588855620835549,0.0,0.0,1143.0,24.06659813308589,0.49867942948732297,17.0,124.3867467957441,0.0,0.0
6/1,0.3,6,8.764347550144127,3906,0.004113433297460519,2.6646552880454,0.008095331373808617,3.6651038967786653,28.70853846892881,34.188527349436484,28.70442503563135,454.54500941737956,1116.5714285714287,,,,,,,,2714.0,0.0047765939203453164,0.10146975591273633,2.0,12.113725644693728,0.0,0.0,1192.0,28.70853846892881,0.5190523368231164,25.0,129.8473037060976,0.0,0.0
6/1,0.3,7,6.84352825562042,3876,0.010362190569328569,2.6871826598867408,0.003481744128187059,3.653514506992123,23.513871285052904,28.976532987188126,23.510389540924717,414.9830688665571,1107.4285714285713,,,,,,,,2749.0,0.00923338687891212,0.10314151077437889,5.0,13.422463544844465,0.0,0.0,1127.0,23.513871285052904,0.488604741135427,18.0,122.29108571051084,0.0,0.0
6/1,0.3,8,7.423215610488019,3867,0.005207684061726381,2.680596128308798,0.003845146860066197,3.6458352839121413,25.323906024042717,30.823924701452828,25.32006087718265,417.30210322832284,1104.857142857143,,,,,,,,2734.0,0.004970461052220073,0.10283881497813084,3.0,13.906130326326302,0.0,0.0,1133.0,25.323906024042717,0.4945651715480654,22.0,125.56252271469126,0.0,0.0
6/1,0.3,9,7.472672104464194,3871,0.003089539726498771,2.6697874620437965,0.010418497643609137,3.664075050835421,24.819538396997082,30.321498936947062,24.816448857270583,437.19254580027877,1106.857142857143,,,,,,,,2706.0,0.0044166607092718975,0.10184780829258067,3.0,11.525688038464445,0.0,0.0,1165.0,24.819538396997082,0.5098094123907638,19.0,124.60511527195,0.0,0.0
6/1,0.3,10,7.055516888602955,3878,0.00602454289006786,2.6610411115178363,0.002940715735319144,3.6432817117719045,24.00896019654367,29.53899372291411,24.006019480808348,420.5310941881763,1108.0,,,,,,,,2739.0,0.0055088828546991445,0.10216096520138436,3.0,10.148233984650346,0.0,0.0,1139.0,24.00896019654367,0.4998974751219005,23.0,123.65687965591314,0.0,0.0
6/1,0.3,11,7.5467530257656925,3871,0.0039131304214039524,2.664362506559016,0.008816277716998165,3.6829515642866557,25.347658298492362,30.823577332116095,25.34374516807096,439.5080061346508,1106.857142857143,,,,,,,,2719.0,0.004773300064654574,0.10208055599198705,2.0,15.235902385442946,0.0,0.0,1152.0,25.347658298492362,0.5017513273309889,24.0,122.8472721439805,0.0,0.0
6/1,0.3,12,9.409748090867176,3876,0.0020735739490043517,2.6768716104158603,0.0031300522207878,3.6535605573562484,30.33787735811669,35.856628698294955,30.335803784167684,470.62630214428475,1107.7142857142858,,,,,,,,2674.0,0.002264403793907645,0.1008418046544881,2.0,10.610285863738874,0.0,0.0,1202.0,30.33787735811669,0.5268357682773772,22.0,132.10761479616122,0.0,0.0
6/1,0.3,13,8.557915932017984,3883,0.00169409603346021,2.661814518237569,0.0039548628717015295,3.673608788239195,28.204388457592035,33.69252440755639,28.202694361558574,445.56796443355466,1109.4285714285713,,,,,,,,2705.0,0.0020768802153140085,0.10129619162051537,2.0,7.857837350406446,0.0,0.0,1178.0,28.204388457592035,0.5130971546871439,28.0,126.244445963689,0.0,0.0
6/1,0.3,14,8.397758757846246,3857,0.003680321588671363,2.6786268181328596,0.0039137224004316485,3.686855189596163,26.73849157830496,32.23820635981623,26.734811256716288,466.2090325695903,1102.0,,,,,,,,2646.0,0.0037196627685825824,0.09956976437521829,2.0,8.806868280217058,0.0,0.0,1211.0,26.73849157830496,0.5285836984452515,19.0,129.80652300020085,0.0,0.0
6/1,0.3,15,7.807946329043161,3865,0.004015230761528894,2.6717104574496386,0.007120155574610028,3.6869278611226353,26.117215923311846,31.62516043531593,26.11320069255032,429.1095271230968,1104.2857142857142,,,,,,,,2710.0,0.004549140341933251,0.10186638200361788,2.0,10.204802116228949,0.0,0.0,1155.0,26.117215923311846,0.5048949136003766,23.0,126.6995754509349,0.0,0.0
6/1,0.3,16,8.068173317273894,3875,0.0037383885590016124,2.6528543448023525,0.0012244521516237116,3.644788160476597,26.759695067148336,32.25910926093819,26.75847061499671,447.3590154998426,1107.142857142857,,,,,,,,2707.0,0.00326847654491472,0.10151253248814868,2.0,12.05960272395433,0.0,0.0,1168.0,26.759695067148336,0.5097869665354414,27.0,124.81938676928907,0.0,0.0
6/1,0.3,17,7.045536148265939,3881,0.007355880549851582,2.6727627978914477,0.011427174168998702,3.705804176965148,23.882600982105462,29.382152264508115,23.87524510155561,426.8742023858662,1108.857142857143,,,,,,,,2737.0,0.008049056591693948,0.10284019566912393,4.0,14.070327867784963,0.0,0.0,1144.0,23.882600982105462,0.49932433865624126,23.0,125.60044914778693,0.0,0.0
6/1,0.3,18,6.664585105093206,3869,0.005674581763763461,2.6727872518536713,0.007355700631145195,3.6747214410997255,22.94648010463174,28.469593656011575,22.940805522867976,421.0400385680127,1105.4285714285713,,,,,,,,2746.0,0.0059659920262811975,0.10317475996781944,3.0,16.191470641584235,0.0,0.0,1123.0,22.94648010463174,0.49225845382536115,17.0,121.06161672419739,0.0,0.0
6/1,0.3,19,9.444642496933614,3856,0.005580767905124866,2.675414068659748,0.0072331989991383395,3.6811714825667257,29.814155846517796,35.27261607698385,29.80857507861267,471.4254994620426,1101.7142857142858,,,,,,,,2635.0,0.0058661023065579325,0.099098922151697,5.0,8.382877849644965,0.0,0.0,1221.0,29.814155846517796,0.5289507889999254,26.0,131.70069318517218,0.0,0.0
6/1,0.3,20,7.175402453821346,3871,0.007915949014332624,2.6756005520771478,4.434685604784378e-05,3.6586786165761476,24.306467134562883,29.822930977400514,24.306422787706836,422.8182384409407,1106.2857142857142,,,,,,,,2729.0,0.006594881301436168,0.10230114059639514,3.0,17.35320756600273,0.0,0.0,1142.0,24.306467134562883,0.5000362773721955,22.0,125.1726981324877,0.0,0.0
6/1,0.3,21,8.80540106446301,3865,0.003729861864726006,2.6730754793975318,0.007108882313134908,3.6889244622820128,28.163391334076334,33.61407256937443,28.159661472211607,467.3771574564622,1104.5714285714287,,,,,,,,2657.0,0.004327580950443802,0.1001099495784342,2.0,15.393952813299611,0.0,0.0,1208.0,28.163391334076334,0.5226273680798434,23.0,128.6425038318526,0.0,0.0
6/1,0.3,22,8.201068909468335,3877,0.004915083094410635,2.6676710924500973,0.007780595902781691,3.6703320229467242,26.729133540307895,32.19466058369257,26.724218457213485,455.23522544436673,1107.7142857142858,,,,,,,,2688.0,0.005433178044138438,0.10110302547810283,3.0,10.493419583819541,0.0,0.0,1189.0,26.729133540307895,0.515754893220982,24.0,127.8471555438949,0.0,0.0
6/1,0.3,23,7.547550096388748,3877,0.005359092251537939,2.674581671475432,0.0037876536187385224,3.6455606504884117,25.746376533600497,31.186313527653805,25.74258887998176,421.999400639292,1107.4285714285713,,,,,,,,2741.0,0.005095943644294257,0.10267955888344567,2.0,10.739425842358681,0.0,0.0,1136.0,25.746376533600497,0.49045781152734563,26.0,124.14998238344828,0.0,0.0
6/1,0.3,24,7.885010483235801,3865,0.0038577022077025723,2.6657069441309154,0.006820734419687692,3.684449202762391,25.794927968454388,31.347823514367754,25.791070266246685,454.89074788763105,1104.2857142857142,,,,,,,,2684.0,0.004379875917191753,0.10085802829918471,3.0,12.957351377110573,0.0,0.0,1181.0,25.794927968454388,0.5204737809304498,22.0,127.10393701480498,0.0,0.0
6/1,0.3,25,7.689664427987444,3888,0.006882029319247741,2.6678451739282734,0.008656954442877967,3.625437729891257,25.44966356776811,30.9129873505313,25.442781538448862,435.0484619350896,1110.857142857143,,,,,,,,2714.0,0.007188749983574408,0.10145677835095973,3.0,12.205929750898358,0.0,0.0,1174.0,25.44966356776811,0.5090430254733309,21.0,126.48920823651932,0.0,0.0
6/1,0.3,26,9.192306130524651,3895,0.003793634991173652,2.671583482202247,0.0032601525133656396,3.6462516422982203,30.003385679129657,35.514672028905665,30.00012552661629,463.8036919037432,1113.4285714285713,,,,,,,,2702.0,0.0036984689829192246,0.10156634072599077,3.0,8.045422847147243,0.0,0.0,1193.0,30.003385679129657,0.5226431768883487,25.0,130.45836163936485,0.0,0.0
6/1,0.3,27,8.343667537513177,3893,0.00451006495034923,2.6671365384177936,0.0015128676975317982,3.6569147210784374,28.26019213228581,33.75718827411155,28.258679264588277,435.9559915698978,1112.0,,,,,,,,2744.0,0.003985773885716443,0.10294681515281899,2.0,8.952273171732521,0.0,0.0,1149.0,28.26019213228581,0.5010032074648344,23.0,124.98584130002928,0.0,0.0
6/1,0.3,28,7.235498100266786,3882,0.006870870331444394,2.6763982244407756,0.007159306444473151,3.699047188423268,24.302442262483652,29.790476849453995,24.29557139215221,423.4825993562948,1109.4285714285713,,,,,,,,2727.0,0.006924390196934879,0.1031364487005035,3.0,15.01805923591442,0.0,0.0,1155.0,24.302442262483652,0.5034148578650848,23.0,125.22404535307729,0.0,0.0
6/1,0.3,29,7.985695333822141,3870,0.005060327890516823,2.6846526008108427,0.002297863689030156,3.640432917799727,26.956514848821488,32.52996006307408,26.954216985132458,441.13436714345664,1106.0,,,,,,,,2724.0,0.0045796347805665,0.10256029933490984,3.0,9.192913653554386,0.0,0.0,1146.0,26.956514848821488,0.5069774058536546,22.0,126.13175061941025,0.0,0.0
5/2,0.3,0,0.8767156226132393,3875,0.03375240147248879,2.705613204030537,0.012636096537055925,3.679186429547603,2.8437795116438473,8.348344587515816,2.8311434151067916,79.706985368295,1107.142857142857,,,,,,,,2709.0,0.030057632724096332,0.12237386907244835,5.0,28.71674046236938,0.0,0.0,1166.0,2.8437795116438473,0.2546953523201077,11.0,70.56424686225078,0.0,0.0
5/2,0.3,1,1.0583668400263324,3902,0.0241170258398741,2.6895498173764736,0.017723065138267952,3.6976918540427732,3.359403214219239,8.828907040082424,3.3416801490809713,85.97215270428153,1114.857142857143,,,,,,,,2691.0,0.022857717340486788,0.12238704318460217,5.0,22.333363885420706,0.0,0.0,1211.0,3.359403214219239,0.2628400449650915,12.0,75.9058535592212,0.0,0.0
5/2,0.3,2,0.9003555864042129,3889,0.014184140914771612,2.676314188642037,0.021449356847899507,3.6775566978203513,2.931876546979292,8.425422567484356,2.9176924060645204,77.86505485689072,1111.142857142857,,,,,,,,2709.0,0.015455352561985575,0.12195008787764136,3.0,27.811977971131437,0.0,0.0,1180.0,2.931876546979292,0.2572374723887292,13.0,77.48597074943636,0.0,0.0
5/2,0.3,3,0.9125808945416476,3880,0.012824362328216446,2.691745029532587,0.026141577600438982,3.705817492452478,3.082988633012711,8.605975844049723,3.0701642706844945,77.01386979841418,1108.5714285714287,,,,,,,,2745.0,0.015162758598238764,0.12438097239432015,3.0,25.382445456387952,0.0,0.0,1135.0,3.082988633012711,0.24875359065583427,11.0,74.60655516945505,0.0,0.0
5/2,0.3,4,0.789466265584261,3890,0.025947218019398144,2.6897155630671716,0.03118153176836586,3.7081081965920633,2.6660468071233416,8.191224564618922,2.6400995891039436,66.82729063393438,1111.4285714285713,,,,,,,,2766.0,0.026893406332660564,0.12499305400460489,4.0,28.114054924818955,0.0,0.0,1124.0,2.6660468071233416,0.24644046823115262,11.0,74.44769186143021,0.0,0.0
5/2,0.3,5,0.6955151406173536,3880,0.02672345998574396,2.701209279160933,0.01834545698486534,3.679306601342052,2.3004251260032924,7.795266386293656,2.282079669018427,74.53221171317607,1108.5714285714287,,,,,,,,2737.0,0.025287843103240462,0.12353531134274327,4.0,27.26327751108104,0.0,0.0,1143.0,2.3004251260032924,0.2492303000203127,8.0,80.68526647433842,0.0,0.0
5/2,0.3,6,0.9975558532358548,3906,0.017426838691986392,2.677968693439926,0.026134234499485567,3.6831427999043425,3.2258565265303756,8.705845407038048,3.208429687838389,81.1465602041324,1116.0,,,,,,,,2714.0,0.018877001884687068,0.1217637070952836,3.0,26.17619887363385,0.0,0.0,1192.0,3.2258565265303756,0.2592121724430616,12.0,72.73056146517823,0.0,0.0
5/2,0.3,7,0.6416854363599859,3876,0.03021551693248039,2.7070359862498927,0.028373489479697818,3.678406252343634,2.1339317210870643,7.596593423222288,2.1055582316073664,68.29355699100998,1107.4285714285713,,,,,,,,2749.0,0.0299133145384444,0.12376981292925467,6.0,27.669981718338327,0.0,0.0,1127.0,2.1339317210870643,0.24430237056771356,7.0,72.29231942418991,0.0,0.0
5/2,0.3,8,0.7806714648420555,3867,0.021463156334037038,2.696851600581108,0.02458357965512079,3.6665737167071955,2.611377726060137,8.111396403470245,2.5899145697261,67.29734406288546,1104.857142857143,,,,,,,,2734.0,0.022006434132440793,0.123406577973757,4.0,26.491810322297503,0.0,0.0,1133.0,2.611377726060137,0.24728258577403264,10.0,75.93588796157889,0.0,0.0
5/2,0.3,9,0.7349822942023393,3871,0.01937195167919143,2.6860698739964897,0.022461409230632223,3.676117962422444,2.395864485333182,7.897825025283155,2.3764925336539906,74.34997992654456,1106.0,,,,,,,,2706.0,0.019931387821174425,0.1222173699510968,4.0,28.500003990880444,0.0,0.0,1165.0,2.395864485333182,0.2543565090889571,9.0,76.57562890942448,0.0,0.0
5/2,0.3,10,0.9273468798393958,3878,0.02251838005721993,2.6775349486849884,0.013113581333046135,3.6534545773696316,3.10700680847772,8.637040334848164,3.0938932271446737,74.43460443894635,1108.0,,,,,,,,2739.0,0.020945763111009052,0.12259315824166124,4.0,26.19045556134569,0.0,0.0,1139.0,3.10700680847772,0.24994873756095026,14.0,73.35802106304995,0.0,0.0
5/2,0.3,11,0.8418338518975298,3871,0.02523131087980133,2.6856806870174132,0.036925106468074474,3.711060393037732,2.7643723662478745,8.240291399871602,2.7391410553680733,71.22572121782784,1106.0,,,,,,,,2719.0,0.027282778513345388,0.12249666719038446,4.0,29.704985379213177,0.0,0.0,1152.0,2.7643723662478745,0.25032772725137015,12.0,66.56992123004625,0.0,0.0
5/2,0.3,12,1.1190134424461864,3876,0.014658396026255672,2.6894564324931114,0.018701255563184426,3.669131760698645,3.5741654332702777,9.092916773448545,3.559507037244022,94.65026974829938,1107.7142857142858,,,,,,,,2674.0,0.01538865075936584,0.12101016558538571,3.0,26.488569602453587,0.0,0.0,1202.0,3.5741654332702777,0.26341788413868855,11.0,79.26729335460479,0.0,0.0
5/2,0.3,13,1.1012721390792442,3883,0.010806809554857431,2.670927231758966,0.0156994016441196,3.685353327011613,3.6033671383887387,9.0915030883531,3.592560328833881,87.60571749941612,1109.4285714285713,,,,,,,,2705.0,0.01163520407496171,0.12155542994461843,3.0,28.174121199591678,0.0,0.0,1178.0,3.6033671383887387,0.2565485773435719,12.0,73.64417610104759,0.0,0.0
5/2,0.3,14,0.8848495880290213,3857,0.019564108651961554,2.69451060519615,0.019189331942908668,3.7021307991386405,2.7756113789819015,8.27532616049318,2.756422047038993,86.59132232126458,1102.0,,,,,,,,2646.0,0.019500937672279926,0.11948371725026194,3.0,27.337624829394183,0.0,0.0,1211.0,2.7756113789819015,0.2642918492226258,7.0,77.19122735333778,0.0,0.0
5/2,0.3,15,0.9988875502238512,3865,0.01690523530937508,2.684600461997485,0.023241244521140847,3.703048950069166,3.3003762888606887,8.80832080086477,3.2834710535513136,83.24452232073682,1104.2857142857142,,,,,,,,2710.0,0.01799474833250528,0.12223965840434145,3.0,29.005456842982067,0.0,0.0,1155.0,3.3003762888606887,0.25244745680018826,12.0,77.24774900925239,0.0,0.0
5/2,0.3,16,0.8737594204679605,3875,0.018193560532520987,2.667309516775872,0.016311638344697836,3.659875346669671,2.8574657864544957,8.35687998024435,2.8411541481097977,78.26039599641412,1107.142857142857,,,,,,,,2707.0,0.01784178638141699,0.12181503898577842,3.0,23.900849765591957,0.0,0.0,1168.0,2.8574657864544957,0.2548934832677206,10.0,73.06066712299193,0.0,0.0
5/2,0.3,17,0.7115927422869642,3881,0.02908254164718205,2.6944894589887785,0.03380140731165688,3.728178410107806,2.342564270041718,7.842115552444373,2.313481728394536,76.36750829995182,1108.857142857143,,,,,,,,2737.0,0.02988597292217119,0.12340823480294871,5.0,29.679103083256283,0.0,0.0,1144.0,2.342564270041718,0.24966216932812063,8.0,75.4191464689782,0.0,0.0
5/2,0.3,18,0.6492715031805825,3869,0.02749757519852234,2.69461024528843,0.021190980803882337,3.6885567212724624,2.172328622655726,7.695442174035563,2.1511376418518435,69.17605160598656,1105.4285714285713,,,,,,,,2746.0,0.026404370926181246,0.12380971196138334,4.0,32.99538706186383,0.0,0.0,1123.0,2.172328622655726,0.24612922691268052,8.0,78.87112106433275,0.0,0.0
5/2,0.3,19,1.0788833926629255,3856,0.02319657108465798,2.6930298718392813,0.019700302183979886,3.6936385857515672,3.3584293199426503,8.816889550408707,3.3387290177586704,90.0697316557523,1101.7142857142858,,,,,,,,2635.0,0.022592851027804648,0.1189187065820364,6.0,24.16103983816642,0.0,0.0,1221.0,3.3584293199426503,0.2644753944999627,12.0,80.21639735080963,0.0,0.0
5/2,0.3,20,0.8303737213989705,3871,0.027221470509837857,2.694906073572653,0.013415196700435547,3.6720494664205354,2.7551773694560184,8.271641212293648,2.7417621727555828,74.80341553570094,1106.0,,,,,,,,2729.0,0.02490440440331303,0.12276136871567417,4.0,31.106500592983057,0.0,0.0,1142.0,2.7551773694560184,0.2499921312904984,8.0,72.80596457079962,0.0,0.0
5/2,0.3,21,1.0121150189185597,3865,0.027247073590106488,2.696592691122912,0.026243804707245487,3.7080593846761234,3.178725670501875,8.62940690579997,3.1524818657946296,84.92232534237813,1104.2857142857142,,,,,,,,2657.0,0.027069604122682826,0.12013193949412103,4.0,32.88086336465272,0.0,0.0,1208.0,3.178725670501875,0.26128662429524147,9.0,78.6958977160253,0.0,0.0
5/2,0.3,22,0.9116180483912827,3877,0.021482789256085134,2.6842387986117715,0.025475479091308092,3.6880269061352506,2.922335566722227,8.387862610106897,2.9008527774661417,84.25579775275979,1107.7142857142858,,,,,,,,2688.0,0.0222046818379,0.12132363057372339,4.0,33.21288169026979,0.0,0.0,1189.0,2.922335566722227,0.25787744661049095,11.0,80.52694436099272,0.0,0.0
5/2,0.3,23,0.7904503338556563,3877,0.01886702251640436,2.688089601740299,0.029465767586838477,3.6712387644565116,2.647884341244354,8.087821335297663,2.6290173187279495,72.07104012104236,1107.4285714285713,,,,,,,,2741.0,0.02064185797329209,0.1232154706601348,3.0,25.72270892990533,0.0,0.0,1136.0,2.647884341244354,0.24522890576367293,11.0,78.54960916496226,0.0,0.0
5/2,0.3,24,0.8930945212567313,3865,0.02030242641504844,2.6821516683382614,0.024419525925729737,3.7020479942684332,2.874996802786388,8.427892348699757,2.8546943763713393,79.42063439302699,1104.2857142857142,,,,,,,,2684.0,0.021027980837012766,0.12102963395902164,4.0,25.51476755459265,0.0,0.0,1181.0,2.874996802786388,0.2602368904652249,10.0,79.32715108563492,0.0,0.0
5/2,0.3,25,0.8862611998817945,3888,0.023277549296133106,2.684240693905159,0.028974031428934705,3.645754806877314,2.8789920155284734,8.342315798291668,2.85571446623234,81.43362320347615,1110.857142857143,,,,,,,,2714.0,0.02426194506631879,0.12174813402115167,4.0,30.72935961636652,0.0,0.0,1174.0,2.8789920155284734,0.2545215127366655,8.0,77.72223926825745,0.0,0.0
5/2,0.3,26,1.2031114125288322,3895,0.020102324006754175,2.6878921712178276,0.015130733630241925,3.6581222234150963,3.884491851546547,9.395778201322557,3.869361117916305,89.09218494372186,1112.857142857143,,,,,,,,2702.0,0.01921545999436376,0.12187960887118893,4.0,31.2481923391037,0.0,0.0,1193.0,3.884491851546547,0.260911294257253,11.0,72.32054067060837,0.0,0.0
5/2,0.3,27,0.9571033975068374,3893,0.02074598229968245,2.6833724557671266,0.009709891841926322,3.6651117452228315,3.1978884895417865,8.694884631367529,3.18817859769986,80.62143669410251,1112.0,,,,,,,,2744.0,0.018815470849346098,0.12353617818338279,3.0,19.864254929308046,0.0,0.0,1149.0,3.1978884895417865,0.2505016037324172,10.0,70.20235161583058,0.0,0.0
5/2,0.3,28,0.7336158501863934,3882,0.02668525148783067,2.6962126055971614,0.034556311690171475,3.726444193668966,2.399258262470892,7.887292849441235,2.372573010983061,71.37172685491124,1109.142857142857,,,,,,,,2727.0,0.02814574157304682,0.1237637384406042,4.0,32.746587506966925,0.0,0.0,1155.0,2.399258262470892,0.25153491856947446,10.0,70.13317021927216,0.0,0.0
5/2,0.3,29,0.8141443600744038,3870,0.023580203495621187,2.703172476415947,0.019955860743312435,3.6580909148540095,2.6947854604105284,8.26823067466312,2.674829599667216,74.07884865107161,1105.7142857142858,,,,,,,,2724.0,0.0229495359241842,0.12307235920189181,4.0,32.999261480893,0.0,0.0,1146.0,2.6947854604105284,0.25345905617196407,10.0,70.97485837093238,0.0,0.0
4/3,0.3,0,0.2211482304359494,3875,0.10984022730678632,2.7817010298648346,0.06327767945938309,3.72982801246993,0.49868170226834374,6.003246778140314,0.4354040228089606,17.45728101186412,1107.142857142857,,,,,,,,2709.0,0.10169307054057401,0.15296733634056045,6.0,59.54456535912762,0.0,0.0,1166.0,0.49868170226834374,0.16979690154673852,5.0,50.160570322844286,0.0,0.0
4/3,0.3,1,0.2581658306174703,3902,0.08575298569969204,2.7511857772362913,0.10925782568843107,3.7892266145929363,0.6310026600804839,6.100506485943669,0.5452496743807919,19.013831870472348,1114.857142857143,,,,,,,,2691.0,0.09038232988179226,0.1529838039807527,6.0,46.05969833972675,0.0,0.0,1211.0,0.6310026600804839,0.17522669664339433,8.0,52.96359086623241,0.0,0.0
4/3,0.3,2,0.18902280617243164,3889,0.07692249335304666,2.7390525410803126,0.09793229714177427,3.754039638114226,0.4379389929790901,5.931485013484154,0.36101649962604343,15.956787801662863,1111.142857142857,,,,,,,,2709.0,0.08059862734930243,0.1524376098470517,5.0,45.29245614978166,0.0,0.0,1180.0,0.4379389929790901,0.17149164825915283,5.0,45.29700149966134,0.0,0.0
4/3,0.3,3,0.16665510235002,3880,0.07000472561154589,2.748925392815916,0.08370089689312382,3.7633768117451627,0.39458790375036445,5.917575114787378,0.32458317813881854,14.232563019425319,1108.5714285714287,,,,,,,,2745.0,0.07240966351964082,0.15547621549290022,4.0,54.08227999304439,0.0,0.0,1135.0,0.39458790375036445,0.1658357271038895,4.0,42.871431191338004,0.0,0.0
4/3,0.3,4,0.2005380296658943,3890,0.10389252660702732,2.7676608716548006,0.09266860816876396,3.769595272992462,0.4433613576729741,5.968539115168555,0.35069274950421014,15.186067090954566,1111.4285714285713,,,,,,,,2766.0,0.10186361871869337,0.15624131750575615,5.0,53.90074326661624,0.0,0.0,1124.0,0.4433613576729741,0.16429364548743508,5.0,50.548375245382054,0.0,0.0
4/3,0.3,5,0.18207035897789267,3880,0.10607496135856195,2.7805607805337513,0.08654476646236506,3.747505910819552,0.3720607917779141,5.866902052068279,0.2855160253155491,15.142180029658205,1108.5714285714287,,,,,,,,2737.0,0.10272835507200136,0.1544191391784291,6.0,48.26930966515787,0.0,0.0,1143.0,0.3720607917779141,0.16615353334687513,5.0,49.582314591744975,0.0,0.0
4/3,0.3,6,0.19667582354314894,3906,0.0757654851280016,2.736307339875941,0.07851708815903709,3.7355256535638937,0.47092660700680816,5.950915487514481,0.3951611218788066,16.253964553056626,1116.0,,,,,,,,2714.0,0.07622374768143861,0.1522046338691045,4.0,51.018765180212796,0.0,0.0,1192.0,0.47092660700680816,0.17280811496204104,6.0,48.27704435496207,0.0,0.0
4/3,0.3,7,0.1626564766072476,3876,0.10866073149461329,2.785481200812026,0.10488737847647053,3.7549201413404063,0.2958739437996292,5.758535645934852,0.1909865653231587,13.645886258716011,1107.4285714285713,,,,,,,,2749.0,0.10804167648872665,0.15471226616156833,7.0,51.30926379662583,0.0,0.0,1127.0,0.2958739437996292,0.16286824704514236,4.0,44.335772624032856,0.0,0.0
4/3,0.3,8,0.17903000315850146,3867,0.08740637546793963,2.762794819715011,0.09883471493415569,3.74082485198623,0.39532224368813706,5.895340921098243,0.30791586822019745,14.984431598261903,1104.857142857143,,,,,,,,2734.0,0.08939609367785874,0.15425822246719625,5.0,53.81152849961341,0.0,0.0,1133.0,0.39532224368813706,0.16485505718268842,5.0,46.078580570153356,0.0,0.0
4/3,0.3,9,0.17270044981416535,3871,0.08339617630547318,2.750094098622771,0.08304622221551523,3.736702775407327,0.3802788546369983,5.882239394586972,0.29723263242148307,15.559945627644348,1106.0,,,,,,,,2706.0,0.08333280693959018,0.152771712438871,5.0,51.275052610839225,0.0,0.0,1165.0,0.3802788546369983,0.16957100605930472,5.0,51.978341241869764,0.0,0.0
4/3,0.3,10,0.22576803654696756,3878,0.1002711828484684,2.755287751476237,0.07914388108232102,3.7194848771189064,0.536050904403934,6.066084430774378,0.456907023321613,18.043909397276447,1108.0,,,,,,,,2739.0,0.09673839562360695,0.15324144780207655,5.0,47.72668109462767,0.0,0.0,1139.0,0.536050904403934,0.16663249170730018,5.0,45.89974261864968,0.0,0.0
4/3,0.3,11,0.20989851665677856,3871,0.10341106555091696,2.763860441688529,0.1447306974281372,3.818865983997795,0.4441258735590387,5.920044907182767,0.34071480800812176,15.820804545882853,1106.0,,,,,,,,2719.0,0.11065985716747968,0.15312083398798057,7.0,50.71306452030703,0.0,0.0,1152.0,0.4441258735590387,0.1668851515009134,4.0,43.22425900754603,0.0,0.0
4/3,0.3,12,0.23760307643762502,3876,0.07385300666562024,2.748651043132476,0.08400906339196842,3.734439568527429,0.5978046664305656,6.116556006608834,0.5239516597649454,22.010112005655444,1107.7142857142858,,,,,,,,2674.0,0.0756874776449868,0.15126270698173214,4.0,48.23565586784673,0.0,0.0,1202.0,0.5978046664305656,0.17561192275912574,7.0,54.548116436546394,0.0,0.0
4/3,0.3,13,0.20245064206535512,3883,0.06925382456563628,2.729374246769745,0.06894287341191056,3.7385967987794038,0.5084267090985859,5.996562659062948,0.4394838356866753,17.807785877245625,1109.4285714285713,,,,,,,,2705.0,0.06920117553480212,0.15194428743077304,4.0,49.635243711429894,0.0,0.0,1178.0,0.5084267090985859,0.17103238489571462,6.0,48.880042599363755,0.0,0.0
4/3,0.3,14,0.1979300708886891,3857,0.08939600791351195,2.7643425044577006,0.09629994809501065,3.7792414152907425,0.43253120491954816,5.932245986430825,0.34313519700603623,18.417605558697378,1102.0,,,,,,,,2646.0,0.09055971060472451,0.14935464656282743,5.0,53.09441655464249,0.0,0.0,1211.0,0.43253120491954816,0.17619456614841716,5.0,56.36272652328505,0.0,0.0
4/3,0.3,15,0.20678451229427144,3865,0.07606334618290696,2.7437585728710165,0.09865700919814047,3.7784647147461654,0.5043825323779935,6.012327044382076,0.4283191861950865,17.045390354564084,1104.2857142857142,,,,,,,,2710.0,0.07994845576412422,0.15279957300542682,4.0,51.28995368620837,0.0,0.0,1155.0,0.5043825323779935,0.16829830453345887,5.0,55.33347041426408,0.0,0.0
4/3,0.3,16,0.18937373974403812,3875,0.08293800907384395,2.7320539653171947,0.09595328422594443,3.7395169925509175,0.43041465900538467,5.929828852795239,0.3474766499315407,16.534928995924968,1107.142857142857,,,,,,,,2707.0,0.08537086065380807,0.15226879873222302,4.0,55.83892900604935,0.0,0.0,1168.0,0.43041465900538467,0.1699289888451471,5.0,44.57435285946258,0.0,0.0
4/3,0.3,17,0.1942239093995098,3881,0.10405185542213374,2.76945877276373,0.11677463148666199,3.8111516342828113,0.40477644269497143,5.904327725097626,0.3007245872728377,17.500096234301136,1108.857142857143,,,,,,,,2737.0,0.10621802774441001,0.1542602935036859,6.0,45.29908718207644,0.0,0.0,1144.0,0.40477644269497143,0.16644144621874707,5.0,50.12604605940391,0.0,0.0
4/3,0.3,18,0.17606152085255783,3869,0.10002461036566947,2.7671372804555774,0.10022481923179388,3.767590559700374,0.3619048483474111,5.885018399727248,0.26188023798174165,13.935917301527054,1105.4285714285713,,,,,,,,2746.0,0.100059315180045,0.15476213995172916,5.0,52.87130789427974,0.0,0.0,1123.0,0.3619048483474111,0.1640861512751204,4.0,47.88176216146482,0.0,0.0
4/3,0.3,19,0.21426899328292764,3856,0.09284735791731855,2.762680658671942,0.0990454615694384,3.772983745137026,0.4739953421991156,5.932455572665173,0.3811479842817971,17.51042008512229,1101.7142857142858,,,,,,,,2635.0,0.0939176186997529,0.1486483832275455,7.0,49.066300984131026,0.0,0.0,1221.0,0.4739953421991156,0.17631692966664175,7.0,55.847614751744736,0.0,0.0
4/3,0.3,20,0.20790225211199964,3871,0.10879474589466874,2.776479348957484,0.07503217229045642,3.733666442010556,0.45827672074407083,5.974740563581702,0.38324454845361444,16.986880443248786,1106.0,,,,,,,,2729.0,0.10312847300689694,0.15345171089459272,6.0,51.67597231198112,0.0,0.0,1142.0,0.45827672074407083,0.16666142086033228,6.0,47.89663414643106,0.0,0.0
4/3,0.3,21,0.23107687973575156,3865,0.10063440170658612,2.7699800192393917,0.11257467360606109,3.794390253574939,0.5133399064996086,5.964021141797702,0.4127055047930225,17.032599873846735,1104.2857142857142,,,,,,,,2657.0,0.10274653109791214,0.15016492436765128,6.0,53.07999674304698,0.0,0.0,1208.0,0.5133399064996086,0.17419108286349433,6.0,54.51253186544072,0.0,0.0
4/3,0.3,22,0.22703224736032385,3877,0.08856654491384112,2.7513225542695277,0.09842358987151627,3.760975016915459,0.53603585066286,6.001562894047529,0.44746930574901883,18.859396982512862,1107.7142857142858,,,,,,,,2688.0,0.09034873384592078,0.15165453821715424,5.0,50.4715539259792,0.0,0.0,1189.0,0.53603585066286,0.17191829774032732,6.0,54.05801581756238,0.0,0.0
4/3,0.3,23,0.1791322785256904,3877,0.08294633116614093,2.752168910390035,0.08232036110480186,3.7240933579744753,0.41146766758438735,5.851404661637696,0.3291473064795855,14.830897579344404,1107.4285714285713,,,,,,,,2741.0,0.08284150801467992,0.15401933832516848,4.0,41.38909000357674,0.0,0.0,1136.0,0.41146766758438735,0.16348593717578194,5.0,45.40235692982908,0.0,0.0
4/3,0.3,24,0.22352641630742545,3865,0.08812065962224729,2.74996990154546,0.08645299869113221,3.7640814670338356,0.5319242609843396,6.084819806897708,0.44547126229320744,18.39622252669236,1104.2857142857142,,,,,,,,2684.0,0.08782676855651798,0.15128704244877708,5.0,49.41540954327271,0.0,0.0,1181.0,0.5319242609843396,0.17349126031014994,6.0,54.355800894848656,0.0,0.0
4/3,0.3,25,0.19606331499653526,3888,0.08513940117007382,2.7461025457790993,0.11015661491559967,3.726937390363979,0.44249809257606226,5.905821875339258,0.3573586914059884,15.229789060834642,1110.857142857143,,,,,,,,2714.0,0.08946256743634191,0.1521851675264396,5.0,51.791125721554735,0.0,0.0,1174.0,0.44249809257606226,0.16968100849111034,4.0,50.125668923226435,0.0,0.0
4/3,0.3,26,0.21512017305688516,3895,0.0947021771852008,2.7624920243962743,0.08032594327119774,3.723317433056052,0.4936606337373886,6.004946983513399,0.41333469046619087,17.812500209215255,1112.857142857143,,,,,,,,2702.0,0.09213765285265103,0.15234951108898614,6.0,55.621029724064016,0.0,0.0,1193.0,0.4936606337373886,0.17394086283816867,5.0,49.385015249355845,0.0,0.0
4/3,0.3,27,0.19418101315377517,3893,0.09231291745887225,2.7549393909263165,0.08475045159659847,3.7401523049775043,0.4406179480543017,5.937614089880046,0.3558674964577032,17.48874721974725,1112.0,,,,,,,,2744.0,0.09099003713311007,0.15442022272922848,5.0,50.73971036404373,0.0,0.0,1149.0,0.4406179480543017,0.1670010691549448,5.0,42.47257794751889,0.0,0.0
4/3,0.3,28,0.18630665663872184,3882,0.10581204648397201,2.7753394005933028,0.10900266675163388,3.8008905487304285,0.37495977182189577,5.862994358792239,0.26914772533792375,15.28551485918907,1109.142857142857,,,,,,,,2727.0,0.10640407210019383,0.15470467305075525,6.0,51.54146353812311,0.0,0.0,1155.0,0.37495977182189577,0.16768994571298304,5.0,47.172317235327654,0.0,0.0
4/3,0.3,29,0.1839349610783804,3870,0.09597513888012893,2.7755674118004543,0.11578105725863069,3.753916111369328,0.3848202580736921,5.958265472326284,0.28884511919356315,14.773971297748608,1105.7142857142858,,,,,,,,2724.0,0.09942154317947174,0.15384044900236477,6.0,53.11555192957689,0.0,0.0,1146.0,0.3848202580736921,0.16897270411464274,5.0,42.229417260619094,0.0,0.0
3/4,0.3,0,0.34571450661868225,3875,0.45918058742044493,3.1310413899784932,0.38739490418272826,4.053945237193275,0.11127780075479085,5.615842876626761,0.3479027866656541,28.015161262126842,1107.142857142857,,,,,,,,2709.0,0.4466200802758611,0.2039564484540806,8.0,72.76413047378728,0.0,0.0,1166.0,0.11127780075479085,0.1273476761600539,4.0,26.650388892681672,0.0,0.0
3/4,0.3,1,0.35632535805669224,3902,0.435371742806089,3.1008045343426884,0.4617905823232724,4.141759371227778,0.16911164517086744,5.6386154710340515,0.292678937152405,29.809843025065508,1114.857142857143,,,,,,,,2691.0,0.4405750073709746,0.20397840530767028,7.0,67.95249768511168,0.0,0.0,1211.0,0.16911164517086744,0.13142002248254575,6.0,32.86100994255143,0.0,0.0
3/4,0.3,2,0.3430828995120129,3889,0.4392095043751182,3.1013395521023845,0.5105184641744954,4.166625805146947,0.09375457788569332,5.587300598390756,0.4167638862888021,28.636946193764604,1111.142857142857,,,,,,,,2709.0,0.451686598116316,0.2032501464627356,9.0,68.03958211652595,0.0,0.0,1180.0,0.09375457788569332,0.12861873619436462,4.0,20.094836979962363,0.0,0.0
3/4,0.3,3,0.3041993115465716,3880,0.3882348689969925,3.067155536201363,0.42547853381287426,4.105154448664913,0.08514287838123198,5.608130089418245,0.3403356554316423,28.616719283272932,1108.5714285714287,,,,,,,,2745.0,0.39477455804663003,0.2073016206572003,5.0,75.90899256228674,0.0,0.0,1135.0,0.08514287838123198,0.12437679532791714,3.0,20.884670710405963,0.0,0.0
3/4,0.3,4,0.3266015332742323,3890,0.42374851583973716,3.087516860887511,0.404146981395294,4.081073646218991,0.09625652744330263,5.621434284938883,0.32749198839643456,28.742740421069378,1111.4285714285713,,,,,,,,2766.0,0.42020521604862304,0.2083217566743415,8.0,73.75558493348247,0.0,0.0,1124.0,0.09625652744330263,0.1232202341155763,4.0,23.454662359676544,0.0,0.0
3/4,0.3,5,0.3722851308553494,3880,0.49744498990399466,3.171930809079184,0.4780544298297136,4.1390155741869,0.08053678305018401,5.575378043340549,0.41690820685381064,30.34299760786329,1108.5714285714287,,,,,,,,2737.0,0.49412231081198227,0.20589218557123878,9.0,75.00993971909604,0.0,0.0,1143.0,0.08053678305018401,0.12461515001015636,3.0,22.229221080216732,0.0,0.0
3/4,0.3,6,0.2703942819930894,3906,0.3468188091431453,3.007360663891085,0.3682628570682052,4.025271422473062,0.0882559629097179,5.568244843417392,0.28000689415848734,25.60890667452871,1116.0,,,,,,,,2714.0,0.350390183373848,0.20293951182547265,6.0,69.41880501437798,0.0,0.0,1192.0,0.0882559629097179,0.1296060862215308,4.0,28.71336892975017,0.0,0.0
3/4,0.3,7,0.40901569317075653,3876,0.5755034807068097,3.252323950024222,0.4452952526216093,4.095328015485545,0.055021889204310406,5.517683591339533,0.5204815915024993,28.57208824859273,1107.4285714285713,,,,,,,,2749.0,0.5541415633308819,0.20628302154875783,11.0,72.9763625558836,0.0,0.0,1127.0,0.055021889204310406,0.12215118528385673,3.0,24.911984186029414,0.0,0.0
3/4,0.3,8,0.3071633997274887,3867,0.399956156807364,3.0753446010544354,0.4260272523520086,4.068017389404083,0.07229558036682678,5.572314257776933,0.35373167198518185,28.460252016989767,1104.857142857143,,,,,,,,2734.0,0.4044952356220132,0.20567762995626165,7.0,74.9969521213971,0.0,0.0,1133.0,0.07229558036682678,0.12364129288701634,4.0,22.289498581493643,0.0,0.0
3/4,0.3,9,0.28468027089249026,3871,0.37331264886848653,3.040010571185784,0.3944805334745232,4.048137086666335,0.06990646981094194,5.571867009760916,0.32457406366358127,27.90015112288804,1106.0,,,,,,,,2706.0,0.3771457100129647,0.20369561658516142,6.0,70.97679612986855,0.0,0.0,1165.0,0.06990646981094194,0.12717825454447854,4.0,23.336581253073632,0.0,0.0
3/4,0.3,10,0.3633012967083149,3878,0.4731700047552207,3.1281865733829894,0.44332794298531314,4.083668939021899,0.11109521501397131,5.641128741384415,0.3620747897412494,29.91442573738069,1108.0,,,,,,,,2739.0,0.4681799849338926,0.20432193040276872,8.0,70.52630357067633,0.0,0.0,1139.0,0.11109521501397131,0.12497436878047513,4.0,26.076180173718193,0.0,0.0
3/4,0.3,11,0.3488182651275824,3871,0.4546625366770061,3.115111912814618,0.4763654044306895,4.150500691000347,0.09001371455345897,5.565932748177187,0.3863516898772305,27.082529548556348,1106.0,,,,,,,,2719.0,0.4584699173016869,0.2041611119839741,11.0,74.72826336160846,0.0,0.0,1152.0,0.09001371455345897,0.12516386362568507,3.0,22.130551527942206,0.0,0.0
3/4,0.3,12,0.3057161505832321,3876,0.37914739652127716,3.053945432988133,0.4553325496540301,4.105763054789491,0.11174561763693257,5.6304969578152,0.3435869320170975,27.869015801129553,1107.7142857142858,,,,,,,,2674.0,0.3929085891028477,0.20168360930897616,6.0,67.18474978556699,0.0,0.0,1202.0,0.11174561763693257,0.1317089420693443,5.0,29.431599143087695,0.0,0.0
3/4,0.3,13,0.3097593131958525,3883,0.4054340098803383,3.0655544320844474,0.3945727749021692,4.064226700269662,0.09428765877180101,5.582423608736163,0.3111463511085373,26.08849986840578,1109.4285714285713,,,,,,,,2705.0,0.4035950281354209,0.20259238324103074,7.0,69.05714330047095,0.0,0.0,1178.0,0.09428765877180101,0.12827428867178597,5.0,30.65804174199893,0.0,0.0
3/4,0.3,14,0.3149332841890891,3857,0.418417888317221,3.093364384861409,0.4356892597700739,4.118630726965805,0.08246153010898237,5.582176311620259,0.3532277296610915,26.992496319864244,1102.0,,,,,,,,2646.0,0.4213290869823655,0.19913952875043658,9.0,72.47174086673168,0.0,0.0,1211.0,0.08246153010898237,0.1321459246113129,3.0,34.02672056750897,0.0,0.0
3/4,0.3,15,0.2946557299349896,3865,0.3719584481595572,3.039653674847667,0.40036958375253906,4.080177289300564,0.1018159415584461,5.6097604535625285,0.29855364219409297,27.16585605834448,1104.2857142857142,,,,,,,,2710.0,0.37684390542388546,0.20373276400723575,7.0,74.29709519561212,0.0,0.0,1155.0,0.1018159415584461,0.12622372840009413,4.0,29.082900348665554,0.0,0.0
3/4,0.3,16,0.31235242322002693,3875,0.39167637885668016,3.0407923351000306,0.4540906167084212,4.097654325033394,0.10146924491403271,5.600883438703887,0.3526213717943885,27.81986800682203,1107.142857142857,,,,,,,,2707.0,0.40334302250388404,0.20302506497629738,8.0,74.38270673800986,0.0,0.0,1168.0,0.10146924491403271,0.12744674163386033,4.0,22.406422830032,0.0,0.0
3/4,0.3,17,0.36436163716516745,3881,0.4757532447410134,3.1411601620826097,0.48742651357347194,4.181803516369622,0.0931041430995941,5.592655425502248,0.39432237047387786,31.589199885294065,1108.857142857143,,,,,,,,2737.0,0.4777407285831492,0.20568039133824786,9.0,69.42778582411879,0.0,0.0,1144.0,0.0931041430995941,0.12483108466406032,4.0,31.81451093178278,0.0,0.0
3/4,0.3,18,0.3151710752497239,3869,0.41293667014530994,3.080049340235218,0.41273773777274103,4.0801034782413215,0.07619544588735835,5.599308997267195,0.3367412242579516,26.716447382274445,1105.4285714285713,,,,,,,,2746.0,0.4129021866022135,0.20634951993563885,9.0,69.42512004245492,0.0,0.0,1123.0,0.07619544588735835,0.12306461345634029,3.0,27.429094066333498,0.0,0.0
3/4,0.3,19,0.2984438634855207,3856,0.3922997660056691,3.0621330667602926,0.371074390221466,4.045012673789054,0.10380606073467834,5.562266291200736,0.2884937052709908,23.893580782300127,1101.7142857142858,,,,,,,,2635.0,0.3886346631662716,0.19819784430339402,8.0,70.57764390309897,0.0,0.0,1221.0,0.10380606073467834,0.13223769724998133,5.0,33.7384713070096,0.0,0.0
3/4,0.3,20,0.35671115855543845,3871,0.47227337871701786,3.1399579817798333,0.41368756341179264,4.072321833131893,0.10405179304654424,5.620515635884175,0.3682215856704736,30.436668350184387,1106.0,,,,,,,,2729.0,0.4624410945800471,0.20460228119279028,9.0,66.79421570773502,0.0,0.0,1142.0,0.10405179304654424,0.1249960656452492,5.0,29.740763236713512,0.0,0.0
3/4,0.3,21,0.3516574005199509,3865,0.44129451326425506,3.1106401307970604,0.5181357629355078,4.199951342904386,0.12460343039817544,5.575284665696269,0.39353233253733233,27.013759991778535,1104.2857142857142,,,,,,,,2657.0,0.45488705648799943,0.2002198991568684,9.0,76.22310440530916,0.0,0.0,1208.0,0.12460343039817544,0.13064331214762073,4.0,25.883967459148945,0.0,0.0
3/4,0.3,22,0.32512003996210603,3877,0.4132671953697075,3.076023204725394,0.4112133024479881,4.073764729491931,0.1266832344316795,5.592210277816348,0.286583960938028,28.624971021330694,1107.7142857142858,,,,,,,,2688.0,0.4128958441941288,0.20220605095620564,7.0,71.21242791678395,0.0,0.0,1189.0,0.1266832344316795,0.1289387233052455,4.0,24.24211548320254,0.0,0.0
3/4,0.3,23,0.30079396157054683,3877,0.38541808347191153,3.0546406626958063,0.3944526926875181,4.036225689557192,0.09295804276631799,5.532895036819626,0.3014946499212001,27.62772647892776,1107.4285714285713,,,,,,,,2741.0,0.3869309932238135,0.20535911776689134,7.0,70.65379816979313,0.0,0.0,1136.0,0.09295804276631799,0.12261445288183644,4.0,24.07371177930442,0.0,0.0
3/4,0.3,24,0.3180966150291357,3865,0.4073748122509123,3.069224054174126,0.38177784295480627,4.05940631129751,0.12545028576055797,5.678345831673926,0.2819245264903544,27.580375828566893,1104.2857142857142,,,,,,,,2684.0,0.402863870940533,0.20171605659836947,7.0,71.95180669067244,0.0,0.0,1181.0,0.12545028576055797,0.13011844523261243,5.0,25.72947683575754,0.0,0.0
3/4,0.3,25,0.29712235563955114,3888,0.37926950104201873,3.0402326456510447,0.4193050482887975,4.036085823737176,0.0912245496080041,5.554548332371199,0.3280804986807934,25.08405688487871,1110.857142857143,,,,,,,,2714.0,0.38618795043728005,0.2029135567019194,6.0,70.6151639989446,0.0,0.0,1174.0,0.0912245496080041,0.12726075636833273,3.0,23.85285037844496,0.0,0.0
3/4,0.3,26,0.3172451818317003,3895,0.4212120001144274,3.089001847325501,0.3774574507227325,4.020448940507587,0.0994508396748423,5.610737189450853,0.3217611604395851,27.507015678162556,1112.857142857143,,,,,,,,2702.0,0.4134067844198319,0.20313268145198152,8.0,75.29962036720453,0.0,0.0,1193.0,0.0994508396748423,0.1304556471286265,3.0,25.432490048886386,0.0,0.0
3/4,0.3,27,0.3448455624604879,3893,0.4454384902747294,3.1080649637421733,0.45418755281868833,4.109589406199594,0.10095823091707724,5.597954372742821,0.3532293219016111,30.39559941277513,1112.0,,,,,,,,2744.0,0.4469689385331479,0.205893630305638,7.0,75.03584133029436,0.0,0.0,1149.0,0.10095823091707724,0.1252508018662086,4.0,24.00763896223572,0.0,0.0
3/4,0.3,28,0.3306715887907464,3882,0.43422284247436943,3.1037501965837,0.44783967354987547,4.139727555528671,0.08021757552715665,5.5682521624975,0.36762209802271884,27.57891049576892,1109.142857142857,,,,,,,,2727.0,0.4367494711961171,0.206272897401007,9.0,73.03016372532086,0.0,0.0,1155.0,0.08021757552715665,0.1257674592847373,4.0,24.435520658019563,0.0,0.0
3/4,0.3,29,0.33482158384423,3870,0.4422741963973126,3.121866469317638,0.4569886067365453,4.095123660847243,0.07332459684999518,5.646769811102587,0.38366400988655014,28.262685877687208,1105.7142857142858,,,,,,,,2724.0,0.4448346334387209,0.2051205986698197,8.0,73.19179349582602,0.0,0.0,1146.0,0.07332459684999518,0.12672952808598206,3.0,24.70078041159782,0.0,0.0
2/5,0.3,0,2.4814835809413,3875,3.5859400761007443,6.2578008786587915,3.3229268996033703,6.989477232613917,0.022388898499463985,5.526953974371434,3.5635511776012803,142.8151616125785,1107.142857142857,,,,,,,,2709.0,3.5399200518631084,0.3059346726811208,17.0,89.79448601014164,0.0,0.0,1166.0,0.022388898499463985,0.10187814092804312,3.0,11.840150072345795,0.0,0.0
2/5,0.3,1,2.6684552326364868,3902,3.8806129018056166,6.546045693342215,3.7045371458648244,7.384505934769329,0.051943145860675596,5.521446971723861,3.828669755944941,139.67680313198133,1114.857142857143,,,,,,,,2691.0,3.8459342876664047,0.30596760796150546,22.0,87.21210545847258,0.0,0.0,1211.0,0.051943145860675596,0.10513601798603658,5.0,6.513192991899254,0.0,0.0
2/5,0.3,2,2.6527265822369954,3889,3.776441645567959,6.438571693295224,3.9146983113132774,7.5708056522857285,0.017406441451520687,5.510952461956585,3.897291869861757,141.06561044236003,1111.142857142857,,,,,,,,2709.0,3.8006327343694646,0.3048752196941034,24.0,88.85708878693048,0.0,0.0,1180.0,0.017406441451520687,0.1028949889554917,3.0,9.107527117784107,0.0,0.0
2/5,0.3,3,2.36679331235966,3880,3.3416005158650104,6.0205211830693806,3.3329000841550798,7.012575999007119,0.01291475241428469,5.535901963451297,3.328685763450726,146.13106874724048,1108.5714285714287,,,,,,,,2745.0,3.340072789786983,0.3109524309858006,17.0,91.63569500316513,0.0,0.0,1135.0,0.01291475241428469,0.09950143626233371,2.0,7.716846757220852,0.0,0.0
2/5,0.3,4,2.7685903904438565,3890,3.8936839363597158,6.557452281407488,3.841689126823207,7.518615791646905,0.023028697174273794,5.548206454669854,3.870655239185442,155.74161647899226,1111.4285714285713,,,,,,,,2766.0,3.8842850192345333,0.3124826350115123,17.0,90.46749783738606,0.0,0.0,1124.0,0.023028697174273794,0.09857618729246104,3.0,8.26408487018237,0.0,0.0
2/5,0.3,5,2.93335202004834,3880,4.140518082973092,6.815003902148281,4.208686744728833,7.8696478890860195,0.01473030824738689,5.509571568537752,4.193956436481447,149.0593215406818,1108.5714285714287,,,,,,,,2737.0,4.152199158005406,0.30883827835685823,23.0,88.13888100122406,0.0,0.0,1143.0,0.01473030824738689,0.09969212000812509,2.0,10.841971899142358,0.0,0.0
2/5,0.3,6,2.242007531824999,3906,3.1704626067591355,5.831004461507074,3.4710179499255567,7.128026515330414,0.01408967235983943,5.494078552867513,3.456928277565717,140.05523449344463,1116.0,,,,,,,,2714.0,3.2205182497625335,0.304409267738209,18.0,88.05496803296867,0.0,0.0,1192.0,0.01408967235983943,0.10368486897722463,2.0,6.354028771181342,0.0,0.0
2/5,0.3,7,2.733843986483734,3876,3.924194487247309,6.601014956564721,3.4740184640224947,7.12405122688643,0.010468529407711896,5.473130231542934,3.9137259578395973,147.923289911838,1107.4285714285713,,,,,,,,2749.0,3.8503387628113717,0.3094245323231367,25.0,89.04789615679937,0.0,0.0,1127.0,0.010468529407711896,0.09772094822708538,2.0,5.964552754948814,0.0,0.0
2/5,0.3,8,2.412627038343317,3867,3.3923781231190526,6.0677665673661245,3.467681016644254,7.109671153696329,0.016789754058358638,5.516808431468464,3.4508912625858956,148.09185712191535,1104.857142857143,,,,,,,,2734.0,3.4054886488388756,0.30851644493439256,17.0,89.73521391035582,0.0,0.0,1133.0,0.016789754058358638,0.09891303430961305,3.0,7.245499604362364,0.0,0.0
2/5,0.3,9,2.412412367694543,3871,3.410456647441471,6.077154569758768,3.612411326666418,7.266067879858229,0.00926591806758009,5.511226458017553,3.603145408598838,143.05168657577985,1106.0,,,,,,,,2706.0,3.447026415667718,0.30554342487774205,19.0,89.27713251159054,0.0,0.0,1165.0,0.00926591806758009,0.10174260363558281,3.0,4.235138068686935,0.0,0.0
2/5,0.3,10,2.9349302803386985,3878,4.098596894483958,6.753613463111727,4.367512061622385,8.00785305765897,0.028480760853831385,5.558514287224276,4.3390313007685535,153.90246178755118,1108.0,,,,,,,,2739.0,4.143563359087609,0.3064828956041531,23.0,88.55369687716767,0.0,0.0,1139.0,0.028480760853831385,0.09997949502438011,3.0,10.034148644666171,0.0,0.0
2/5,0.3,11,2.702399619410718,3871,3.812619074003299,6.473068450140911,3.971261268198588,7.645396554768245,0.016324078031915847,5.492243111655644,3.954937190166672,147.68421575999764,1106.0,,,,,,,,2719.0,3.8404500142869145,0.30624166797596114,21.0,89.40078206850824,0.0,0.0,1152.0,0.016324078031915847,0.10013109090054804,2.0,5.73513491271,0.0,0.0
2/5,0.3,12,2.451505400479193,3876,3.464949461341003,6.139747497807859,3.90569581744309,7.5561263225785495,0.0198665412930126,5.538617881471281,3.8858292761500772,136.980749532915,1107.7142857142858,,,,,,,,2674.0,3.544560714144783,0.3025254139634643,18.0,89.29819303916855,0.0,0.0,1202.0,0.0198665412930126,0.10536715365547544,3.0,8.134559422208099,0.0,0.0
2/5,0.3,13,2.46637833658095,3883,3.5338622862321145,6.193982708436224,3.5317698910774595,7.201423816444954,0.015965970854659863,5.504101920819021,3.5178963153774547,144.96416854092269,1109.4285714285713,,,,,,,,2705.0,3.533508010083933,0.3038885748615461,16.0,87.28331249732999,0.0,0.0,1178.0,0.015965970854659863,0.10261943093742877,4.0,9.49423649155447,0.0,0.0
2/5,0.3,14,2.11602931298183,3857,3.020849392168904,5.695795888713092,3.3713796722862326,7.0543211394819645,0.00992655950426956,5.509641341015547,3.361453112781963,133.19168743138366,1102.0,,,,,,,,2646.0,3.0799334832242056,0.29870929312565486,17.0,87.57662399368476,0.0,0.0,1211.0,0.00992655950426956,0.1057167396890503,2.0,11.423344042460757,0.0,0.0
2/5,0.3,15,2.3023029898121057,3865,3.192997584266062,5.860692810954172,3.6782066388895522,7.358014344437578,0.01668414095949188,5.524628652963575,3.6615224979300605,146.20192268770973,1104.2857142857142,,,,,,,,2710.0,3.276432056389511,0.30559914601085364,17.0,89.38756183877348,0.0,0.0,1155.0,0.01668414095949188,0.10097898272007531,2.0,11.110422015161257,0.0,0.0
2/5,0.3,16,2.420253429373785,3875,3.3963898418689196,6.045505798112269,3.6968819655441405,7.340445673869114,0.027744625260780448,5.527158819050634,3.6691373402833602,142.6929059572172,1107.142857142857,,,,,,,,2707.0,3.452558668828529,0.30453759746444603,20.0,87.24984957295644,0.0,0.0,1168.0,0.027744625260780448,0.10195739330708826,3.0,9.282346327837182,0.0,0.0
2/5,0.3,17,2.787750561245221,3881,3.944363954701306,6.609770872042902,3.944371290217226,7.638748293013376,0.02057024984686395,5.520121532249519,3.9238010403703623,148.6149886874388,1108.857142857143,,,,,,,,2737.0,3.944365203641905,0.3085205870073718,16.0,86.20555507771316,0.0,0.0,1144.0,0.02057024984686395,0.09986486773124825,3.0,8.567846820557735,0.0,0.0
2/5,0.3,18,2.54971677117934,3869,3.5642822446641604,6.231394914754069,3.6818232807539313,7.349189021222512,0.019043286434862156,5.5421568378147,3.6627799943190693,146.7671812767659,1105.4285714285713,,,,,,,,2746.0,3.5846571657052135,0.3095242799034584,19.0,90.2854963615826,0.0,0.0,1123.0,0.019043286434862156,0.09845169076507222,2.0,10.114603506345038,0.0,0.0
2/5,0.3,19,2.2072948070963774,3856,3.228947051990078,5.898780352744701,3.162201739210662,6.836140022778251,0.027372982378714605,5.485833212844772,3.2015740696113633,134.6102324031489,1101.7142857142858,,,,,,,,2635.0,3.217421770276744,0.297296766455091,14.0,89.15259945274991,0.0,0.0,1221.0,0.027372982378714605,0.10579015779998506,4.0,13.69495848888142,0.0,0.0
2/5,0.3,20,2.8751903420467912,3871,4.097388034425521,6.765072637488336,3.915578201916107,7.574212471636208,0.027459519619258927,5.543923362456889,4.069928514806262,149.25924871923874,1106.0,,,,,,,,2729.0,4.066875427870259,0.30690342178918545,18.0,88.00671781697191,0.0,0.0,1142.0,0.027459519619258927,0.09999685251619937,4.0,10.673230314143938,0.0,0.0
2/5,0.3,21,2.2047014890981576,3865,3.1822409124990774,5.8515865300318834,3.231871299360252,6.913686879329131,0.03529045449468432,5.485971689792778,3.1965808448655677,134.03403218188845,1104.2857142857142,,,,,,,,2657.0,3.19102009271163,0.3003298487353025,17.0,89.2533338997383,0.0,0.0,1208.0,0.03529045449468432,0.10451464971809657,3.0,10.247756044180843,0.0,0.0
2/5,0.3,22,2.436065365691874,3877,3.5589767349091685,6.2217327442648545,3.247035352774133,6.909586779818076,0.024978529074159858,5.490505572458829,3.5339982058350086,148.71709187129278,1107.7142857142858,,,,,,,,2688.0,3.5025766189427894,0.30330907643430854,14.0,89.63951977661439,0.0,0.0,1189.0,0.024978529074159858,0.10315097864419641,3.0,12.433942768181588,0.0,0.0
2/5,0.3,23,2.4387246953441,3877,3.3780319815160085,6.047254560739903,3.7471304251125352,7.388903421982208,0.023181159245500824,5.463118153298809,3.7239492658670343,143.13222144226953,1107.4285714285713,,,,,,,,2741.0,3.439840148466321,0.3080386766503371,19.0,86.15152808042603,0.0,0.0,1136.0,0.023181159245500824,0.09809156230546917,3.0,4.976911922302861,0.0,0.0
2/5,0.3,24,2.3771042401595337,3865,3.4491731893119058,6.111022431235119,3.2327985197355518,6.910426988078255,0.027326220840862916,5.580221766754231,3.421846968471043,141.59260185737855,1104.2857142857142,,,,,,,,2684.0,3.4110415877062366,0.30257408489755416,18.0,89.76593130658921,0.0,0.0,1181.0,0.027326220840862916,0.10409475618608995,4.0,12.621396456431338,0.0,0.0
2/5,0.3,25,2.4394294513162293,3888,3.502761510214113,6.16372465482314,3.41981815490408,7.03659893035246,0.014401534613971602,5.477725317377168,3.4883599756001415,144.4179058042545,1110.857142857143,,,,,,,,2714.0,3.4884282627415977,0.3043703350528791,20.0,87.08907747442565,0.0,0.0,1174.0,0.014401534613971602,0.10180860509466622,2.0,12.336207142828094,0.0,0.0
2/5,0.3,26,2.324448758883594,3895,3.410823186596488,6.078613033807562,3.017997841280264,6.660989331065118,0.022653379807466952,5.533939729583477,3.3881698067890214,143.92906008668515,1112.857142857143,,,,,,,,2702.0,3.3407484950930018,0.30469902217797223,19.0,89.16045724223889,0.0,0.0,1193.0,0.022653379807466952,0.1043645177029012,2.0,10.630159397483139,0.0,0.0
2/5,0.3,27,2.8655357162196275,3893,4.016575617954058,6.679202091421502,4.247028598154329,7.902430451535235,0.020391311645730114,5.517387453471474,4.226637286508599,149.80088697930373,1112.0,,,,,,,,2744.0,4.05688809262466,0.3088404454584569,21.0,88.50463948094813,0.0,0.0,1149.0,0.020391311645730114,0.10020064149296687,3.0,8.027232430453969,0.0,0.0
2/5,0.3,28,2.3839639276618474,3882,3.4074733181599526,6.077000672269283,3.287873517834011,6.979761399812805,0.01981448270651692,5.50784906967686,3.387658835453436,146.60203846276326,1109.142857142857,,,,,,,,2727.0,3.3852813493425975,0.30940934610151044,20.0,91.98866023002795,0.0,0.0,1155.0,0.01981448270651692,0.10061396742778983,3.0,6.802199863597698,0.0,0.0
2/5,0.3,29,2.60874253550794,3870,3.6180148760607693,6.297607148981095,4.099085398472572,7.737220452583268,0.01076235811780011,5.584207572370392,4.088323040354772,147.11471857661235,1105.7142857142858,,,,,,,,2724.0,3.7017253854672285,0.3076808980047296,18.0,89.91564591828266,0.0,0.0,1146.0,0.01076235811780011,0.10138362246878566,2.0,6.390505224707226,0.0,0.0
